顧客ID,c1_購入回数,c1_購入商品数,c1_クーポン割引,c1_購入金額,c2_購入回数,c2_購入商品数,c2_クーポン割引,c2_購入金額,c3_購入回数,c3_購入商品数,c3_クーポン割引,c3_購入金額,c4_購入回数,c4_購入商品数,c4_クーポン割引,c4_購入金額,c5_購入回数,c5_購入商品数,c5_クーポン割引,c5_購入金額,c6_購入回数,c6_購入商品数,c6_クーポン割引,c6_購入金額,c7_購入回数,c7_購入商品数,c7_クーポン割引,c7_購入金額,c8_購入回数,c8_購入商品数,c8_クーポン割引,c8_購入金額,c9_購入回数,c9_購入商品数,c9_クーポン割引,c9_購入金額,c10_購入回数,c10_購入商品数,c10_クーポン割引,c10_購入金額,c11_購入回数,c11_購入商品数,c11_クーポン割引,c11_購入金額,来店頻度,経過日数,総購入金額
1,1,2,0,534,1,2,0,2803,0,0,0,0,1,1,0,764,9,17,0,4981,0,0,0,0,0,0,0,0,9,77,0,22620,9,10,0,24860,0,0,0,0,0,0,0,0,9,19,56562
2,0,0,0,0,10,10,0,4278,4,5,0,2311,5,18,0,1104,8,9,-178,5423,0,0,0,0,8,13,0,3866,13,87,0,14527,13,18,0,5804,0,0,0,0,0,0,0,0,13,6,37313
3,0,0,0,0,0,0,0,0,0,0,0,0,1,1,0,407,0,0,0,0,0,0,0,0,0,0,0,0,13,26,0,7986,13,39,-489,38665,0,0,0,0,0,0,0,0,13,8,47058
4,2,3,0,886,2,2,0,1684,2,2,0,2133,9,9,0,4616,13,19,0,9471,7,8,0,3921,3,3,0,1576,14,150,-445,73174,14,40,0,24308,1,1,0,746,0,0,0,0,14,27,122515
5,1,1,0,267,0,0,0,0,0,0,0,0,0,0,0,0,0,0,0,0,0,0,0,0,1,2,0,712,6,40,-178,18372,3,3,-267,3380,2,2,0,1519,0,0,0,0,6,48,24250
6,3,3,0,1510,4,4,0,3009,1,1,0,1244,9,16,0,4391,18,24,-62,13678,0,0,0,0,6,7,0,2374,27,291,0,114019,27,61,0,27201,0,0,0,0,0,0,0,0,27,6,167426
7,1,1,0,265,0,0,0,0,0,0,0,0,2,3,0,436,0,0,0,0,1,1,0,354,3,3,0,1779,11,41,0,9478,11,14,0,12716,1,2,0,1243,0,0,0,0,11,7,26271
8,12,13,0,3024,4,4,0,2115,8,8,0,7111,16,18,0,6030,8,8,0,4853,11,12,0,8621,2,2,0,886,23,185,0,77450,22,25,0,11330,1,1,0,532,2,2,0,1065,23,4,123017
9,2,2,0,888,4,4,0,2223,0,0,0,0,3,13,0,712,3,4,0,1387,0,0,0,0,0,0,0,0,18,101,0,21503,9,15,0,5205,1,2,0,1107,0,0,0,0,18,3,33025
10,0,0,0,0,0,0,0,0,0,0,0,0,1,1,0,621,9,16,0,3476,0,0,0,0,6,7,0,3665,27,131,0,36629,15,16,0,7643,1,1,0,283,0,0,0,0,27,4,52317
11,1,2,0,178,3,5,0,2842,0,0,0,0,1,1,0,445,7,15,0,6664,1,1,0,254,0,0,0,0,14,245,-2671,84351,6,6,0,3732,0,0,0,0,2,2,0,712,14,9,99178
12,0,0,0,0,1,1,0,783,2,2,0,815,5,5,0,1951,4,4,0,3823,4,4,0,1597,3,4,0,712,14,91,0,22234,6,8,0,4822,1,1,0,354,0,0,0,0,14,7,37091
13,1,2,0,178,1,1,0,835,1,1,0,584,6,6,0,2557,6,6,0,4069,0,0,0,0,2,3,0,1027,10,98,-356,27480,9,11,0,3706,0,0,0,0,0,0,0,0,10,5,40436
14,7,11,0,2799,11,13,0,6915,0,0,0,0,3,3,0,1552,8,12,0,4445,1,1,0,532,0,0,0,0,19,73,0,28016,3,3,0,717,0,0,0,0,0,0,0,0,19,1,44976
15,2,3,0,710,1,2,0,1218,0,0,0,0,10,11,0,3113,5,6,0,3260,0,0,0,0,1,1,0,585,10,122,-1335,34481,4,8,0,3415,0,0,0,0,0,0,0,0,10,40,46782
16,2,3,0,1244,0,0,0,0,1,1,0,710,10,12,0,4301,4,6,0,4105,5,6,0,4958,6,6,0,4406,10,123,0,41821,9,9,0,5179,0,0,0,0,2,2,0,1423,10,7,68147
17,7,12,0,6110,2,3,0,2147,1,1,0,1066,4,7,0,1968,7,24,0,11067,3,5,0,1417,2,2,0,1243,7,188,0,68687,7,12,0,10735,0,0,0,0,0,0,0,0,7,5,104440
18,3,3,0,1109,1,2,0,1405,1,1,0,532,5,5,0,1380,7,20,0,11964,0,0,0,0,1,1,0,318,7,265,0,83271,7,22,0,4673,0,0,0,0,0,0,0,0,7,1,104652
19,3,3,0,575,3,3,0,2183,0,0,0,0,7,9,0,3896,2,2,0,890,6,6,0,4085,0,0,0,0,7,59,-979,16135,7,8,0,5204,0,0,0,0,3,3,0,2671,7,38,35639
20,2,2,0,886,2,3,0,3081,1,1,0,2313,6,6,0,2267,9,9,0,6026,2,2,0,1155,2,2,0,940,11,198,0,103630,11,40,0,20752,1,1,0,1244,0,0,0,0,11,38,142294
21,0,0,0,0,2,3,0,2137,2,4,0,2133,5,6,0,1700,9,12,0,4491,1,2,0,890,3,3,0,1545,18,73,-133,16794,5,7,0,3670,0,0,0,0,2,14,0,2758,18,7,36118
22,3,3,0,3734,3,3,0,2131,0,0,0,0,5,6,0,1925,9,10,0,4493,1,1,0,445,3,3,0,1508,14,122,-133,46706,9,9,0,5918,0,0,0,0,0,0,0,0,14,4,66860
23,0,0,0,0,1,1,0,1394,2,2,0,1155,6,6,0,3820,4,4,0,2167,2,2,0,2133,1,1,0,425,10,141,0,36159,6,6,0,3104,0,0,0,0,0,0,0,0,10,3,50357
24,3,6,0,1009,1,2,0,1620,0,0,0,0,5,7,0,1736,9,13,0,5738,2,2,0,710,1,1,0,267,22,339,-178,82232,22,43,-356,40161,1,1,0,639,1,1,0,532,22,3,134644
25,6,8,0,4532,2,7,0,7109,2,2,0,1065,14,19,0,6534,10,17,0,7603,9,10,0,6092,1,1,0,710,20,278,-97,111280,20,38,0,44920,1,1,0,496,2,2,0,3380,20,4,193721
26,2,3,0,621,6,7,0,3303,2,2,-89,1492,8,13,0,1631,13,14,-89,3506,2,2,0,990,2,3,0,386,30,158,-1440,34168,17,18,0,7394,1,1,-178,534,1,1,0,176,30,1,54201
27,2,2,0,8188,1,1,0,733,0,0,0,0,6,16,0,5323,6,18,0,12725,1,2,0,1599,0,0,0,0,6,91,0,30150,6,19,0,12105,0,0,0,0,0,0,0,0,6,15,70823
28,6,7,0,5136,2,3,0,2131,0,0,0,0,6,9,0,3998,6,7,0,4181,3,3,0,1953,1,1,0,2669,6,253,-979,117577,6,32,0,22955,2,2,0,842,1,1,0,3562,6,18,165004
29,9,15,0,3821,3,3,0,1834,3,6,-356,2486,7,9,0,2010,9,12,0,5643,2,2,0,758,4,4,0,1186,26,240,-801,69969,18,21,0,9441,0,0,0,0,0,0,0,0,26,3,97148
30,4,4,0,979,3,3,0,1218,2,2,0,1955,5,7,0,2931,6,15,0,5982,4,4,0,8856,2,2,0,886,6,212,-445,73729,6,29,0,15070,0,0,0,0,0,0,0,0,6,11,111606
31,1,1,0,888,2,2,0,981,0,0,0,0,8,10,0,4600,10,14,0,9250,2,2,0,977,0,0,0,0,20,232,0,60730,20,35,0,18990,0,0,0,0,0,0,0,0,20,3,96416
32,2,2,-444,1795,5,7,0,4940,2,2,0,2114,10,10,0,4651,15,26,0,11321,2,2,0,924,1,1,0,532,25,154,0,52608,25,82,0,69527,0,0,0,0,0,0,0,0,25,5,148412
33,3,4,0,1430,4,7,0,3734,1,2,0,1670,8,9,0,2742,9,10,0,5747,5,5,0,1845,2,2,0,657,21,353,-356,80836,21,29,0,13922,1,2,0,1777,1,1,0,2669,21,6,117029
34,7,14,0,4618,1,1,0,463,3,3,0,1704,4,4,0,1827,6,6,0,2215,1,1,0,354,1,1,0,318,11,67,0,30155,8,9,0,4933,0,0,0,0,1,1,0,445,11,10,47032
35,5,5,0,3303,2,3,0,2664,2,3,0,3022,3,3,0,1688,6,9,-62,3460,3,4,0,4627,1,1,0,356,11,240,-3321,87753,11,34,-178,11797,0,0,0,0,1,1,0,1779,11,12,120449
36,7,7,0,1214,2,2,0,977,1,1,0,178,10,11,0,4639,3,3,0,1335,9,9,0,1335,1,1,0,532,39,96,-534,56366,11,12,0,9391,3,4,0,2780,0,0,0,0,39,1,78747
37,0,0,0,0,0,0,0,0,0,0,0,0,0,0,0,0,0,0,0,0,0,0,0,0,0,0,0,0,0,9,0,3052,0,3,0,7446,0,0,0,0,0,0,0,0,0,60,10498
38,1,1,0,764,2,4,0,1200,1,2,0,1246,7,7,0,2130,4,5,0,2325,0,0,0,0,0,0,0,0,12,206,0,52422,3,3,0,1383,0,0,0,0,2,2,0,1065,12,11,62535
39,1,1,0,532,1,1,0,1220,1,1,0,710,3,4,0,1207,10,15,0,5830,0,0,0,0,1,2,0,1065,11,129,0,38107,11,15,0,10949,0,0,0,0,0,0,0,0,11,13,59620
40,4,10,0,2313,1,1,0,931,2,2,0,1777,5,5,0,1775,6,13,0,7560,2,2,0,1563,2,2,0,1118,6,123,-133,39657,6,89,-1280,26053,1,1,0,354,0,0,0,0,6,16,83101
41,4,5,0,2046,1,2,0,1554,1,1,0,710,18,18,0,5675,8,10,0,5763,1,1,0,445,1,1,0,69,34,352,-374,88307,11,12,0,12377,0,0,0,0,0,0,0,0,34,1,116946
42,3,3,0,756,1,1,0,372,0,0,0,0,5,5,0,883,2,4,0,1599,0,0,0,0,2,2,0,710,17,108,-667,24885,6,6,-62,6928,0,0,0,0,0,0,0,0,17,5,36133
43,0,0,0,0,2,2,0,1098,0,0,0,0,6,6,0,3070,7,8,0,3966,0,0,0,0,5,5,0,1383,11,85,0,34433,11,18,0,12824,0,0,0,0,0,0,0,0,11,10,56774
44,3,11,0,1244,1,1,0,1332,0,0,0,0,6,7,0,2878,9,18,-302,4958,1,1,0,1779,0,0,0,0,9,226,-3727,59859,9,18,0,7380,0,0,0,0,0,0,0,0,9,12,79430
45,1,1,0,888,3,6,0,4441,1,1,0,445,5,9,0,2578,8,9,0,4244,6,6,0,3732,0,0,0,0,16,87,0,34084,14,15,0,8320,1,1,0,895,0,0,0,0,16,5,59627
46,0,0,0,0,1,1,0,436,0,0,0,0,3,3,0,1332,0,0,0,0,4,4,0,1626,2,2,0,3460,11,68,0,32356,7,8,0,7248,0,0,0,0,0,0,0,0,11,38,46458
47,0,0,0,0,0,0,0,0,0,0,0,0,4,4,0,2664,0,0,0,0,2,2,0,1421,8,13,0,7229,8,27,0,16338,6,6,0,3464,0,0,0,0,0,0,0,0,8,9,31116
48,1,1,0,2135,1,1,0,2251,0,0,0,0,5,7,0,1296,13,22,0,5278,1,1,0,365,0,0,0,0,13,198,-445,41926,4,6,0,1421,0,0,0,0,0,0,0,0,13,3,54672
49,1,1,0,318,1,1,0,710,0,0,0,0,6,7,0,2756,10,11,0,6397,2,2,0,1681,3,4,0,1722,10,97,0,33204,10,21,0,19712,1,1,0,354,0,0,0,0,10,40,66854
50,2,2,0,977,4,4,0,3170,0,0,0,0,5,7,0,1720,20,33,0,18048,0,0,0,0,1,1,0,318,20,124,-178,46092,20,49,0,38440,1,1,0,888,0,0,0,0,20,7,109653
51,1,2,0,138,7,10,0,5809,2,3,0,1652,6,6,0,2304,10,14,0,10880,1,1,0,1512,0,0,0,0,13,46,0,22109,3,3,0,2375,0,0,0,0,0,0,0,0,13,6,46779
52,2,2,0,655,2,3,0,1779,1,1,0,2153,7,7,0,2662,7,9,0,3143,1,1,0,176,1,2,-178,712,20,103,-632,39816,7,7,0,2270,0,0,0,0,0,0,0,0,20,2,53366
53,5,5,0,2008,3,3,0,2231,2,3,0,2258,4,5,0,1468,13,15,0,8676,2,3,0,870,0,0,0,0,23,118,0,55329,23,30,0,22835,0,0,0,0,2,2,0,2222,23,3,97897
54,6,7,0,4012,1,1,0,1155,2,2,0,708,6,10,0,3316,13,14,0,10285,2,2,0,1408,5,5,0,3375,20,174,0,65262,20,49,0,25867,3,3,0,837,0,0,0,0,20,20,116225
55,0,0,0,0,0,0,0,0,0,0,0,0,0,0,0,0,0,0,0,0,0,0,0,0,1,1,0,178,4,64,-445,12176,4,6,-712,7802,0,0,0,0,0,0,0,0,4,52,20156
56,6,7,0,3821,3,3,0,4185,2,2,0,1616,17,24,0,8719,11,15,0,8286,1,1,0,621,15,23,0,5773,17,364,0,99672,17,47,0,17631,1,1,0,1138,0,0,0,0,17,11,151462
57,0,0,0,0,2,2,0,963,1,2,0,2491,1,1,0,176,13,21,0,9535,6,6,0,2666,0,0,0,0,13,130,0,38307,13,17,0,11254,0,0,0,0,0,0,0,0,13,34,65392
58,5,7,0,1668,7,7,0,2692,2,3,0,1955,20,23,0,4746,17,24,0,8308,5,5,0,2578,4,4,0,1335,52,284,0,80520,52,100,0,30183,2,2,0,1601,3,3,0,4448,52,1,140034
59,1,1,0,532,8,8,0,5832,3,3,0,2470,14,14,0,5332,23,23,0,11430,0,0,0,0,3,3,0,1563,36,296,0,108394,36,69,0,34852,0,0,0,0,0,0,0,0,36,1,170405
60,14,17,0,3421,16,23,0,13861,4,4,0,7310,16,30,0,8933,10,15,0,5576,6,6,0,4765,16,19,0,5221,16,150,-543,66589,16,25,-178,13588,0,0,0,0,2,2,0,2846,16,9,132110
61,0,0,0,0,0,0,0,0,0,0,0,0,0,0,0,0,0,0,0,0,0,0,0,0,0,0,0,0,0,0,0,0,0,0,0,0,0,0,0,0,0,0,0,0,0,0,0
62,0,0,0,0,2,2,0,1236,0,0,0,0,3,3,0,2247,11,12,0,5585,2,2,0,1013,1,10,0,1805,29,116,0,96333,23,23,0,16101,4,5,0,4137,0,0,0,0,29,2,128457
63,1,1,0,1690,1,1,0,1168,0,0,0,0,1,1,0,356,3,4,0,1848,0,0,0,0,1,1,0,479,11,101,0,38991,11,43,0,25631,3,3,0,3202,1,2,0,1421,11,38,74786
64,1,1,0,2669,1,1,0,336,0,0,0,0,7,11,0,4071,2,4,0,1781,3,3,0,1994,9,12,0,4327,11,120,-935,37377,11,14,-97,10507,1,1,0,532,1,2,0,3558,11,4,67152
65,0,0,0,0,1,1,0,486,1,1,0,853,0,0,0,0,9,18,0,3161,0,0,0,0,10,31,0,5699,23,63,0,15781,23,26,0,36086,0,0,0,0,0,0,0,0,23,14,62066
66,2,2,0,1617,1,1,0,844,2,2,0,2240,7,15,0,5358,7,10,0,5437,1,1,0,815,5,6,0,2397,7,217,-1408,79617,7,39,-178,27446,1,1,0,801,1,1,0,890,7,5,127462
67,4,4,0,2612,6,7,0,4619,2,2,0,1421,7,11,0,3804,13,22,-97,15295,1,1,0,391,9,11,0,4397,13,369,-2903,142338,13,16,-819,6944,0,0,0,0,0,0,0,0,13,2,181821
68,2,5,0,632,2,2,0,4276,2,2,0,1195,6,6,0,3731,6,6,0,3107,2,2,0,1191,3,3,0,974,20,189,0,105707,20,23,0,14951,0,0,0,0,2,2,0,3738,20,4,139502
69,12,14,0,4423,8,9,0,7237,6,7,0,5009,16,16,0,9583,9,14,0,7480,15,17,0,5163,1,1,0,211,60,349,0,105035,60,78,0,60144,5,6,0,1068,1,1,0,2847,60,1,208200
70,0,0,0,0,3,9,0,3036,16,28,0,17713,2,3,0,1068,9,24,0,11077,0,0,0,0,1,1,0,532,36,374,-160,100010,7,9,0,4723,0,0,0,0,0,0,0,0,36,1,138159
71,4,9,0,1294,1,1,0,347,1,1,0,1244,8,8,0,2797,2,4,0,919,1,1,-178,375,6,8,0,2176,21,121,0,52852,11,15,0,6929,0,0,0,0,0,0,0,0,21,1,68933
72,0,0,0,0,4,5,0,2400,4,5,0,2264,3,3,0,1107,10,13,0,3802,3,3,0,1291,0,0,0,0,21,359,0,72365,11,11,0,7164,0,0,0,0,0,0,0,0,21,18,90393
73,4,5,0,1955,3,4,0,3505,4,5,0,1246,15,19,0,4130,5,7,0,2625,3,3,0,870,3,3,0,773,17,330,-632,92267,17,25,0,12224,1,1,0,301,1,1,0,1601,17,26,121497
74,2,12,0,1068,1,1,0,416,1,1,0,568,3,3,0,1772,10,15,0,4436,1,1,-178,746,6,6,0,1068,10,369,0,56861,10,22,0,12627,0,0,0,0,0,0,0,0,10,40,79562
75,3,8,0,712,0,0,0,0,3,4,0,5188,1,2,0,890,3,4,0,1795,2,2,0,1385,5,7,0,1857,13,29,0,17305,13,18,0,10229,1,1,0,436,2,2,0,2135,13,13,41932
76,8,11,0,2252,4,4,0,2596,3,3,0,2313,2,3,0,710,6,7,0,2840,3,3,0,792,0,0,0,0,28,156,-534,29920,3,3,-178,3090,0,0,0,0,0,0,0,0,28,3,44513
77,4,4,0,2701,2,3,0,1563,1,1,0,933,8,8,0,3570,4,5,-178,2721,0,0,0,0,1,4,0,634,8,84,-311,27867,8,17,0,7581,1,1,0,853,0,0,0,0,8,27,48423
78,5,5,0,1736,3,5,0,3752,1,1,0,443,7,22,0,10689,7,9,0,9921,7,12,0,8516,7,394,0,161471,7,176,0,72774,7,39,0,25211,4,4,0,3036,0,0,0,0,7,16,297549
79,9,9,0,5455,4,5,0,5083,5,6,0,5100,12,15,0,3848,14,21,-195,11396,0,0,0,0,14,32,0,13394,14,324,-3437,101789,14,52,-1656,28939,3,3,0,534,0,0,0,0,14,13,175538
80,7,10,0,2851,1,1,0,445,1,1,0,1066,4,4,0,1348,8,10,0,7075,2,2,0,1225,1,1,0,710,20,109,0,43588,20,29,0,22273,2,2,0,1154,1,1,0,710,20,20,82445
81,4,6,0,4001,3,4,0,3668,2,2,0,1513,6,7,0,2521,28,42,0,19979,2,2,0,1991,1,2,0,886,29,325,0,94863,24,29,0,14645,2,2,0,352,0,0,0,0,29,2,144419
82,3,7,0,1777,1,1,0,714,6,6,0,4619,9,9,0,3859,4,5,0,3198,5,5,0,1752,7,7,0,2926,13,94,0,34944,13,22,0,7672,2,2,0,993,1,1,0,1957,13,4,64411
83,2,2,0,1421,2,4,0,1570,0,0,0,0,12,15,0,8080,18,30,0,16500,3,3,0,1953,1,1,0,265,18,355,-445,125108,17,21,0,9145,0,0,0,0,0,0,0,0,18,6,164042
84,0,0,0,0,0,0,0,0,0,0,0,0,0,0,0,0,0,0,0,0,0,0,0,0,0,0,0,0,4,22,0,10958,0,0,0,0,0,0,0,0,0,0,0,0,4,43,10958
85,0,0,0,0,6,14,0,6570,1,1,0,710,1,1,0,354,6,11,0,5036,0,0,0,0,0,0,0,0,19,92,0,34259,19,22,0,38234,0,0,0,0,0,0,0,0,19,22,85163
86,0,0,0,0,0,0,0,0,1,1,0,977,3,3,0,1243,0,0,0,0,2,2,0,1065,1,1,0,532,14,121,0,44544,14,100,0,35324,3,3,0,2137,0,0,0,0,14,4,85822
87,3,3,0,1348,3,3,0,1957,0,0,0,0,9,12,0,4830,6,7,0,5339,1,1,0,710,1,1,0,532,12,117,0,40674,12,17,0,14486,1,1,0,532,0,0,0,0,12,3,70408
88,3,4,0,2238,1,1,0,888,1,1,0,888,2,2,0,890,10,11,0,5081,0,0,0,0,1,1,0,354,18,243,0,91004,18,34,0,25229,3,3,0,1704,1,1,0,1244,18,8,129520
89,4,5,0,2521,1,1,0,2639,0,0,0,0,6,7,0,1829,8,8,0,2756,3,3,0,2488,2,2,0,888,21,91,0,28079,20,20,0,10974,0,0,0,0,2,6,0,6676,21,9,58850
90,1,1,0,178,5,5,0,5319,1,1,0,354,7,9,-89,1469,3,6,0,2489,1,1,0,416,0,0,0,0,8,150,-1113,44343,0,0,0,0,0,0,0,0,0,0,0,0,8,38,54568
91,2,3,0,1330,0,0,0,0,0,0,0,0,0,0,0,0,1,1,0,445,0,0,0,0,0,0,0,0,6,6,0,3179,9,11,0,5136,0,0,0,0,0,0,0,0,10,5,10090
92,3,4,0,1455,2,2,0,3100,3,7,0,5528,3,11,0,4773,3,7,0,3848,3,13,0,5884,3,4,0,1471,3,166,-97,56318,3,12,0,4016,0,0,0,0,0,0,0,0,3,49,86393
93,10,17,0,6023,8,9,0,4215,17,23,-178,39892,10,12,0,2609,9,14,0,6375,4,4,-97,6103,1,1,0,443,48,181,-178,99912,45,53,0,27760,1,1,0,309,1,1,0,1244,48,1,194885
94,5,8,0,1070,3,3,0,1951,4,4,0,2024,17,48,0,18559,2,2,0,2076,8,8,0,4368,12,35,0,18463,17,198,0,90822,17,55,0,41002,3,5,0,821,0,0,0,0,17,2,181156
95,3,3,0,1791,3,4,0,2425,0,0,0,0,3,4,0,1120,11,17,0,8249,2,2,0,2667,0,0,0,0,13,153,0,64493,13,26,0,15109,2,2,0,992,0,0,0,0,13,8,96846
96,2,2,0,3024,4,5,0,2790,2,2,0,1050,11,15,0,5369,4,5,0,3202,4,4,0,2486,6,6,0,2179,19,204,0,79309,19,71,0,48963,1,1,0,890,1,1,0,3916,19,2,153178
97,1,1,0,318,6,8,0,3750,0,0,0,0,1,1,0,112,17,23,-267,17503,0,0,0,0,0,0,0,0,17,163,-854,41656,17,132,-178,23665,1,1,0,817,0,0,0,0,17,1,87821
98,2,3,0,1455,3,4,0,2773,2,3,0,1173,5,6,0,2217,8,10,0,3204,1,1,0,881,3,5,0,845,18,103,0,29954,16,17,0,11612,0,0,0,0,0,0,0,0,18,2,54114
99,2,2,0,799,0,0,0,0,1,1,0,178,3,4,0,1488,7,14,0,10149,0,0,0,0,0,0,0,0,7,120,-133,52516,6,8,0,5098,0,0,0,0,2,2,0,890,7,19,71118
100,5,6,0,4714,2,4,0,2422,7,7,0,2847,8,12,0,3994,14,23,-160,12137,3,3,0,1193,2,6,0,1378,30,385,-97,104623,15,23,0,11619,0,0,0,0,2,2,0,2847,30,1,147774
101,5,7,0,1919,3,4,0,2692,0,0,0,0,3,6,0,2662,6,6,0,4090,4,5,0,4356,7,15,0,8666,7,91,0,40791,7,37,0,16883,0,0,0,0,0,0,0,0,7,46,82059
102,9,11,0,4887,4,4,0,4251,3,3,0,2666,9,9,0,3373,22,29,0,12132,5,6,0,4265,13,20,0,7138,22,252,-810,75959,22,63,0,43295,3,3,0,1934,1,1,0,888,22,14,160788
103,0,0,0,0,0,3,0,1180,0,0,0,0,0,1,0,532,0,0,0,0,0,0,0,0,0,0,0,0,0,56,0,21735,0,6,-356,8951,0,0,0,0,0,0,0,0,0,44,32398
104,3,3,0,917,4,4,0,2539,6,9,0,4313,11,16,0,5930,11,15,0,6546,2,2,0,888,6,7,0,3442,11,169,-552,59077,11,35,0,19077,3,3,0,2495,0,0,0,0,11,6,105224
105,4,4,0,1332,2,3,0,2342,1,1,0,710,9,9,0,3070,13,19,0,8098,0,0,0,0,0,0,0,0,22,191,-1148,69312,7,7,-62,2486,0,0,0,0,0,0,0,0,22,16,87350
106,0,0,0,0,2,2,0,1927,1,4,0,2130,0,0,0,0,2,3,-356,1633,2,2,0,675,1,1,0,295,15,84,-748,28859,6,6,0,1611,0,0,0,0,0,0,0,0,15,30,37130
107,3,4,0,1008,2,3,0,1786,0,0,0,0,5,5,0,1959,6,7,0,4625,1,1,0,548,2,2,0,585,21,160,-534,48040,4,4,0,1577,1,1,0,639,0,0,0,0,21,6,60767
108,2,2,0,976,2,2,0,1186,0,0,0,0,3,3,0,992,3,5,0,3920,1,1,0,354,2,2,0,1065,12,78,-623,24237,7,9,0,5818,1,1,0,943,0,0,0,0,12,36,39491
109,1,1,0,336,5,5,0,2976,0,0,0,0,20,21,0,8473,11,13,0,8591,0,0,0,0,1,1,0,710,23,188,-445,85918,23,33,0,17343,0,0,0,0,0,0,0,0,23,3,124347
110,4,5,0,505,0,0,0,0,0,0,0,0,2,2,0,423,3,4,0,1421,0,0,0,0,2,2,0,505,34,209,0,27311,10,10,0,4799,1,1,0,532,0,0,0,0,34,1,35496
111,5,5,0,1558,3,3,0,1941,1,1,0,356,16,19,0,5939,14,20,0,11446,10,13,0,9061,5,9,0,5148,25,187,-828,73496,13,13,-356,7223,0,0,0,0,0,0,0,0,25,3,116168
112,3,5,0,771,2,3,0,2678,0,0,0,0,1,1,0,441,5,8,0,3570,2,2,0,1955,1,2,0,637,20,141,0,41390,5,7,0,5513,1,2,0,708,0,0,0,0,20,7,57663
113,4,4,0,1205,4,4,0,2646,2,2,0,1868,6,6,0,1827,4,5,0,3024,5,5,0,3875,5,5,0,2231,6,85,0,34665,3,3,0,2753,1,1,0,390,1,1,0,1781,6,30,56265
114,1,1,0,568,1,1,0,1601,0,0,0,0,2,2,0,762,3,4,0,1781,1,1,0,443,2,2,0,708,12,33,0,14085,12,18,0,12192,1,1,0,890,1,1,0,1244,12,2,34274
115,0,0,0,0,1,1,0,514,1,1,0,532,1,1,0,265,12,14,0,7157,0,0,0,0,0,0,0,0,15,206,0,66100,13,15,0,11238,0,0,0,0,0,0,0,0,15,30,85806
116,1,1,0,281,1,1,0,584,2,2,0,1581,4,5,0,2573,8,8,0,4536,3,4,0,3442,3,3,0,1741,15,132,0,38250,9,9,0,6735,1,1,0,422,0,0,0,0,15,30,60145
117,5,5,0,3928,6,6,0,3533,0,0,0,0,6,7,0,1843,6,12,0,5558,3,3,0,1626,3,3,0,621,6,126,0,41660,2,2,0,851,1,1,0,475,1,1,0,1244,6,36,61339
118,2,6,0,534,1,1,0,689,2,2,0,4270,1,2,0,245,4,4,0,1866,3,3,0,1332,1,1,0,356,8,81,0,29067,8,18,0,10554,2,2,0,1351,1,1,0,1066,8,15,51330
119,4,4,0,1333,2,3,0,2008,0,0,0,0,3,3,0,1572,3,3,0,2276,1,1,0,710,0,0,0,0,16,158,-142,46892,15,17,0,7529,0,0,0,0,0,0,0,0,16,4,62320
120,2,2,0,1599,2,3,0,1772,2,2,0,1777,15,18,-534,8571,12,13,0,7622,2,2,0,1277,1,1,0,710,22,260,-445,118489,20,24,0,11886,0,0,0,0,0,0,0,0,22,4,153703
121,2,3,0,1423,2,3,0,1980,0,0,0,0,4,5,0,1950,7,9,0,6507,0,0,0,0,0,0,0,0,11,230,-445,71988,11,36,-712,21099,2,2,0,1243,1,1,0,2491,11,9,108681
122,5,12,0,2313,1,1,0,910,0,0,0,0,1,1,0,176,6,12,0,6580,0,0,0,0,6,8,0,3551,6,18,0,6694,6,9,0,11966,0,0,0,0,0,0,0,0,6,10,32190
123,0,0,0,0,0,0,0,0,0,0,0,0,0,0,0,0,3,4,0,3253,0,0,0,0,0,0,0,0,3,5,0,2607,2,6,0,1886,0,0,0,0,0,0,0,0,3,54,7746
124,1,1,0,354,4,4,0,2429,0,0,0,0,1,1,0,267,2,2,0,265,0,0,0,0,7,8,0,2808,21,168,0,27739,13,13,0,3752,0,0,0,0,0,0,0,0,21,18,37614
125,2,6,0,3202,1,1,0,482,0,0,0,0,6,7,0,2427,8,25,0,12901,0,0,0,0,3,6,0,1068,8,140,-231,48189,6,7,0,1732,0,0,0,0,0,0,0,0,8,3,70001
126,3,13,0,1246,1,3,0,2493,2,2,0,1602,7,8,0,4393,8,9,0,6292,6,6,0,4553,0,0,0,0,13,85,0,36818,8,12,0,4000,0,0,0,0,0,0,0,0,13,7,61397
127,6,14,0,2607,4,4,0,3241,0,0,0,0,28,46,0,15644,9,9,0,5136,8,9,0,6037,4,4,0,1604,37,762,-489,283051,37,81,0,58769,1,1,0,308,3,3,0,5341,37,1,381738
128,6,6,0,2751,3,4,0,3494,1,1,0,933,8,10,0,3813,18,31,-267,14985,3,3,0,1510,3,3,0,977,18,345,-2511,116346,18,32,-463,21555,2,2,0,2340,1,1,0,1779,18,1,170483
129,1,1,0,229,2,2,0,2794,0,0,0,0,7,7,0,3535,9,16,0,9072,1,1,0,710,0,0,0,0,9,246,-1122,60489,8,8,0,2226,0,0,0,0,1,1,0,2313,9,30,81368
130,0,0,0,0,2,2,0,1319,0,0,0,0,2,3,0,414,1,1,0,445,0,0,0,0,0,0,0,0,10,76,0,20634,5,6,0,2607,0,0,0,0,0,0,0,0,10,40,25419
131,2,2,0,4094,5,6,0,4447,1,1,0,354,4,4,0,1830,9,15,0,9722,1,1,0,354,5,5,0,1244,9,163,-356,49013,9,13,0,10067,0,0,0,0,0,0,0,0,9,16,81125
132,8,8,0,2644,8,11,0,5888,1,1,0,632,5,5,0,1471,11,14,0,5635,3,3,0,1900,4,4,0,1601,12,175,-44,54617,6,6,-222,3268,0,0,0,0,1,2,0,1244,12,16,78900
133,0,0,0,0,0,0,0,0,0,0,0,0,0,0,0,0,0,0,0,0,0,0,0,0,0,0,0,0,3,28,0,9645,1,1,0,2847,0,0,0,0,0,0,0,0,3,54,12492
134,2,2,0,1615,5,11,0,8080,5,11,0,9879,5,12,0,3136,5,10,0,4977,2,2,0,1089,0,0,0,0,5,70,0,23850,4,4,0,1145,0,0,0,0,2,2,0,4806,5,38,58577
135,6,8,0,5741,5,7,0,7437,0,0,0,0,6,18,0,5509,6,12,0,6533,1,1,0,710,1,1,0,621,6,110,-374,42387,6,13,0,8487,0,0,0,0,0,0,0,0,6,24,77425
136,3,4,0,1935,7,8,0,5964,0,0,0,0,16,18,0,7741,2,2,0,1613,3,3,0,1453,1,1,0,532,23,347,-5182,120715,23,65,-772,38793,0,0,0,0,3,3,0,2488,23,3,181234
137,3,3,0,1732,3,5,0,3761,3,3,0,1793,3,3,0,1241,7,8,0,5334,0,0,0,0,0,0,0,0,7,73,0,20786,4,5,0,1838,0,0,0,0,1,1,0,1066,7,30,37551
138,5,16,0,3645,1,2,0,2169,0,0,0,0,5,18,0,6906,5,8,0,5132,5,16,0,9690,1,2,0,712,5,146,0,81418,5,40,0,34130,1,1,0,1066,1,1,0,2313,5,15,147181
139,6,7,0,1950,2,3,0,2694,2,2,0,1777,10,50,0,17711,1,2,0,890,6,6,0,5125,3,3,0,1223,10,316,-356,167318,7,8,0,4493,0,0,0,0,1,1,0,1957,10,23,205138
140,8,8,0,2646,3,6,0,3959,2,2,0,532,9,10,0,1581,2,2,0,1335,13,15,0,6676,2,3,0,1063,31,269,-231,74315,28,33,-311,17779,2,2,0,1830,0,0,0,0,31,1,111716
141,3,3,0,1777,3,4,0,4990,4,4,0,3911,6,8,0,3225,11,13,0,6634,2,2,0,1207,2,2,0,1065,28,287,0,72212,28,30,0,21501,4,4,0,2274,2,2,0,712,28,2,119508
142,0,0,0,0,2,3,0,1038,0,0,0,0,2,3,0,1152,2,3,0,1066,2,2,0,1421,1,1,0,2313,2,47,0,17473,2,7,0,1944,0,0,0,0,0,0,0,0,2,56,26407
143,0,0,0,0,0,0,0,0,0,0,0,0,4,5,0,1387,5,6,-133,1914,0,0,0,0,2,2,0,1029,11,65,-178,18867,2,2,0,487,0,0,0,0,0,0,0,0,11,38,23684
144,2,2,0,1955,1,1,0,2119,1,1,0,283,0,0,0,0,5,9,0,4530,0,0,0,0,0,0,0,0,5,53,0,19434,3,3,0,2131,0,0,0,0,0,0,0,0,5,50,30452
145,0,0,0,0,2,2,0,1002,0,0,0,0,1,1,0,621,6,10,0,4475,1,1,0,514,0,0,0,0,6,84,0,23136,6,6,0,3061,0,0,0,0,0,0,0,0,6,48,32809
146,5,5,0,7188,13,17,0,14044,3,3,0,1837,8,11,0,3414,19,21,0,13355,1,1,0,382,0,0,0,0,19,227,-979,97030,19,41,-356,18463,0,0,0,0,0,0,0,0,19,22,155713
147,2,2,0,1955,2,4,0,1638,2,2,0,1098,5,6,0,1674,9,16,0,4523,1,1,0,798,3,3,-89,1330,9,94,-311,27612,6,7,0,3321,0,0,0,0,0,0,0,0,9,23,43949
148,0,0,0,0,3,3,0,2309,1,1,0,1066,4,4,0,1243,3,4,0,958,0,0,0,0,2,2,0,1154,10,91,-614,30120,7,7,0,4860,0,0,0,0,1,1,0,1601,10,5,43311
149,2,2,0,977,7,13,0,6748,2,3,0,2044,9,23,0,4215,9,30,0,15074,3,3,0,2160,1,1,0,443,9,85,0,20242,9,17,0,12684,1,3,0,1180,0,0,0,0,9,3,65767
150,7,7,0,2758,1,1,0,1280,7,7,0,5474,16,16,0,8780,13,14,0,8616,3,3,0,1289,25,26,0,12623,36,176,0,76308,26,26,0,17398,0,0,0,0,0,0,0,0,36,1,134526
151,3,3,0,1544,7,8,0,8351,4,4,0,2621,7,8,0,2569,1,1,0,178,4,4,0,2220,4,5,0,2019,17,92,0,30487,7,7,0,2712,0,0,0,0,0,0,0,0,17,9,52701
152,9,11,0,12447,2,4,0,5517,4,10,0,8354,9,15,0,4949,14,28,0,18419,1,2,0,1421,0,0,0,0,22,227,-568,90667,14,17,0,9658,0,0,0,0,1,1,0,2135,22,3,153567
153,3,3,0,851,6,9,0,4408,2,2,0,2311,14,30,0,9325,10,11,0,4060,2,2,0,2026,0,0,0,0,14,134,-489,44733,14,26,0,14951,0,0,0,0,2,4,0,2842,14,12,85507
154,1,1,0,318,2,6,0,2828,3,8,0,4798,5,7,0,2929,14,20,0,8623,0,0,0,0,1,1,0,799,17,104,-445,32957,3,5,0,2115,0,0,0,0,0,0,0,0,17,26,55367
155,0,0,0,0,0,0,0,0,0,0,0,0,0,0,0,0,1,2,0,352,0,0,0,0,0,0,0,0,1,16,-356,5816,0,0,0,0,0,0,0,0,0,0,0,0,1,50,6168
156,13,13,0,6842,1,1,0,3440,1,1,0,977,7,9,-712,4888,12,15,0,5042,2,2,0,1777,2,2,0,1065,16,285,-906,115887,16,72,-4986,115383,0,0,0,0,1,1,0,2669,16,8,257970
157,4,4,0,3202,0,0,0,0,0,0,0,0,2,3,0,1068,9,25,0,11642,0,0,0,0,0,0,0,0,9,100,0,38050,8,8,0,21393,0,0,0,0,0,0,0,0,9,42,75355
158,7,9,0,3307,1,1,0,404,0,0,0,0,2,3,0,1011,4,7,0,4140,4,4,0,2400,5,8,0,2023,16,95,-178,21225,16,28,0,24180,1,1,0,488,2,2,0,2846,16,14,62024
159,2,2,0,2489,1,1,0,644,1,1,0,584,4,5,0,2308,8,9,0,7435,2,2,0,824,0,0,0,0,8,170,-115,78780,8,62,0,28725,1,1,0,1280,0,0,0,0,8,11,123069
160,7,7,0,2569,6,8,0,5768,3,3,0,2666,11,29,0,12773,11,19,0,10605,2,2,0,1599,9,14,0,4304,11,246,0,112667,11,44,0,30800,4,4,0,2358,0,0,0,0,11,8,186109
161,1,1,0,390,6,9,0,8149,0,0,0,0,4,6,0,4306,1,1,0,496,2,3,0,1775,5,5,0,4089,10,66,0,52284,10,37,0,23494,2,2,0,986,1,2,0,1065,10,5,97034
162,5,6,0,2727,2,2,0,2427,0,0,0,0,4,5,0,1556,9,10,0,5960,0,0,0,0,0,0,0,0,11,116,0,46471,11,16,0,9193,0,0,0,0,2,2,0,3059,11,4,71393
163,4,6,0,1259,5,6,0,5232,1,1,0,297,23,25,0,8484,6,7,0,4178,7,7,0,3976,15,31,0,6587,26,187,-534,69916,26,34,0,18123,3,3,0,2012,3,3,0,3734,26,4,123798
164,0,0,0,0,1,1,0,1091,3,3,0,2176,12,16,0,4867,2,2,0,1118,0,0,0,0,0,0,0,0,17,179,-160,59102,8,9,0,6050,0,0,0,0,1,1,0,1779,17,1,76183
165,1,1,0,710,2,3,0,2883,0,0,0,0,4,5,0,1239,12,17,0,7120,0,0,0,0,0,0,0,0,13,72,-89,25113,4,5,0,1453,0,0,0,0,0,0,0,0,13,34,38518
166,0,0,0,0,0,0,0,0,0,0,0,0,0,0,0,0,1,1,0,445,0,0,0,0,0,0,0,0,4,17,0,6429,2,2,0,919,0,0,0,0,0,0,0,0,4,52,7793
167,12,21,0,6194,4,4,0,2308,3,3,0,6760,26,56,0,20443,25,28,0,18098,10,10,0,7619,16,27,0,7512,26,311,0,167591,26,87,0,57784,4,5,0,3326,5,5,0,8543,26,6,306178
168,6,8,0,5720,9,12,0,8299,5,6,0,13061,17,18,0,6188,30,34,0,17485,3,3,0,1476,2,2,0,890,32,466,-178,156426,32,71,0,26023,4,4,0,2833,2,2,0,1781,32,1,240182
169,0,0,0,0,4,6,0,2993,3,3,0,1823,8,9,0,3825,9,13,0,7204,5,5,0,8539,7,17,0,4003,9,71,0,31295,9,24,0,18735,1,1,0,919,0,0,0,0,9,12,79336
170,4,4,0,1063,4,4,0,3657,4,6,0,6999,20,33,0,9665,3,3,0,1848,14,17,0,11658,18,37,0,13667,36,359,0,129115,36,52,0,31975,1,1,0,692,0,0,0,0,36,1,210339
171,3,3,0,1401,8,13,0,6090,0,0,0,0,9,16,0,5136,3,5,-115,1768,4,4,0,2685,9,12,0,5359,9,156,-71,51248,1,1,0,407,0,0,0,0,1,1,0,1601,9,9,75695
172,5,8,0,3200,7,9,0,8945,2,2,0,2044,7,9,0,2128,20,45,0,19174,2,5,0,4443,2,2,0,1171,34,493,0,127001,34,75,0,63185,8,8,0,12310,1,1,0,318,34,1,243919
173,5,6,0,1225,4,6,0,3232,1,1,0,977,16,19,0,5627,24,48,0,15747,2,2,0,703,1,1,0,318,24,462,0,109620,24,97,-178,42873,1,1,0,320,3,3,0,780,24,12,181422
174,2,5,0,356,0,0,0,0,0,0,0,0,1,1,0,176,3,5,0,2404,0,0,0,0,0,0,0,0,3,33,0,10352,0,0,0,0,0,0,0,0,0,0,0,0,3,54,13288
175,2,2,0,708,2,2,0,1583,0,0,0,0,4,5,0,1535,1,1,0,888,3,3,0,1611,0,0,0,0,22,153,0,51415,22,30,0,19507,1,1,0,354,1,1,0,1779,22,7,79380
176,0,0,0,0,0,0,0,0,0,0,0,0,2,2,0,886,3,3,0,2594,0,0,0,0,0,0,0,0,6,91,-445,31644,6,12,0,7328,0,0,0,0,0,0,0,0,6,42,42452
177,1,1,0,534,4,4,0,3074,0,0,0,0,2,3,0,1686,6,8,0,3732,0,0,0,0,0,0,0,0,17,107,-178,27081,5,6,0,3179,0,0,0,0,0,0,0,0,17,11,39286
178,4,4,0,938,3,4,0,2308,2,2,0,2489,1,1,0,532,3,3,0,2238,1,1,0,1779,2,6,0,1330,13,180,0,85890,13,15,0,10155,5,5,0,3436,0,0,0,0,13,2,111095
179,3,3,0,672,2,3,0,1104,0,0,0,0,4,5,0,1469,22,41,0,11563,0,0,0,0,6,8,-356,3011,22,203,-1567,51315,8,10,-178,3844,0,0,0,0,0,0,0,0,22,3,72978
180,5,8,0,4359,5,6,0,5323,0,0,0,0,6,8,0,2865,7,20,0,10133,4,4,0,1424,0,0,0,0,7,316,0,83796,6,10,0,13881,0,0,0,0,0,0,0,0,7,46,121781
181,8,11,0,4097,1,1,0,790,3,3,0,1068,9,10,0,4087,9,11,0,6668,6,6,0,3467,2,3,0,977,28,257,-845,87653,28,35,0,11366,0,0,0,0,1,2,0,2846,28,2,123019
182,0,0,0,0,2,2,0,1499,0,0,0,0,6,6,0,2733,3,3,0,2666,1,1,0,532,1,1,0,443,7,98,-133,54021,7,26,0,19177,1,1,0,733,0,0,0,0,7,27,81804
183,2,2,0,710,2,3,0,2215,0,0,0,0,8,14,0,4356,1,1,0,623,0,0,0,0,3,3,0,1291,10,94,0,32154,10,37,0,27756,4,4,0,9257,0,0,0,0,10,11,78362
184,1,1,0,445,3,3,0,1868,4,6,0,6758,11,12,0,3725,9,10,0,5061,1,1,0,710,1,1,0,461,15,235,-4564,113185,15,37,-507,19206,2,2,0,539,1,1,0,1779,15,10,153737
185,0,0,0,0,0,0,0,0,0,0,0,0,0,0,0,0,2,3,0,568,0,0,0,0,0,0,0,0,6,32,0,6653,3,4,0,1333,0,0,0,0,0,0,0,0,6,43,8554
186,2,6,0,1068,6,8,0,5884,0,0,0,0,7,9,0,2518,7,13,0,6452,1,1,0,267,3,6,0,1387,7,139,-445,45449,7,11,0,5788,0,0,0,0,0,0,0,0,7,1,68813
187,3,3,0,2096,1,2,0,2048,0,0,0,0,11,14,0,3266,9,12,0,8194,3,3,0,1918,0,0,0,0,26,291,0,116988,15,22,0,13834,1,1,0,977,2,2,0,2311,26,4,151632
188,1,1,0,1244,1,1,0,1732,1,1,0,532,0,0,0,0,6,14,0,7416,1,1,0,710,0,0,0,0,6,58,0,17380,1,1,0,584,0,0,0,0,0,0,0,0,6,38,29598
189,0,0,0,0,1,1,0,610,0,0,0,0,3,3,0,1421,3,3,0,2667,0,0,0,0,2,2,0,890,11,36,0,24982,11,12,0,6659,1,1,0,354,0,0,0,0,11,5,37583
190,2,2,0,423,1,1,0,311,0,0,0,0,3,3,0,1065,4,4,0,1690,3,3,0,2573,1,1,0,443,13,64,0,31247,5,5,0,5654,0,0,0,0,1,1,0,1779,13,12,45185
191,7,11,0,3243,1,1,0,1107,0,0,0,0,2,2,0,452,7,8,0,5246,0,0,0,0,0,0,0,0,27,155,0,39057,24,25,0,23847,0,0,0,0,0,0,0,0,27,6,72952
192,5,7,0,2290,2,3,0,1316,0,0,0,0,4,6,0,1574,9,9,0,5122,3,3,-97,1837,0,0,0,0,26,161,-623,45667,14,14,0,6555,0,0,0,0,1,1,0,1636,26,6,65997
193,2,2,0,585,2,2,0,1346,0,0,0,0,5,18,0,6630,5,10,0,9391,2,2,0,724,3,3,0,1332,5,198,0,84114,5,29,0,22132,2,2,0,548,1,1,0,2313,5,29,129115
194,3,3,0,1068,0,0,0,0,0,0,0,0,3,4,0,1066,5,6,0,2140,0,0,0,0,13,24,0,5688,13,64,-89,22225,11,13,0,6757,0,0,0,0,0,0,0,0,13,34,38944
195,3,3,0,2131,1,1,0,2359,1,2,0,2383,4,6,0,1394,7,10,0,4644,2,2,0,1421,3,3,0,534,13,123,-623,45274,3,4,0,2705,0,0,0,0,1,1,0,1601,13,34,64446
196,4,4,0,2876,7,9,0,3512,3,5,0,3920,9,13,0,2824,15,37,0,7163,2,2,0,1813,2,2,0,532,17,209,-379,61606,17,17,0,12194,0,0,0,0,1,1,0,710,17,8,97150
197,0,0,0,0,0,0,0,0,0,0,0,0,0,0,0,0,0,0,0,0,0,0,0,0,0,0,0,0,1,1,0,267,1,2,0,958,0,0,0,0,0,0,0,0,1,38,1225
198,2,2,0,833,7,7,0,4530,2,2,0,2489,3,5,0,587,38,45,0,19077,1,1,0,354,0,0,0,0,43,386,-2586,138205,43,81,0,38399,1,1,0,534,1,1,0,1244,43,1,206252
199,1,1,0,229,4,4,0,1558,5,6,0,1645,7,8,0,3139,17,37,0,12278,0,0,0,0,0,0,0,0,17,153,-62,40106,13,13,0,5987,0,0,0,0,0,0,0,0,17,26,64942
200,0,0,0,0,1,1,0,1189,3,5,0,2415,2,3,0,1332,6,16,0,13339,0,0,0,0,0,0,0,0,6,70,0,24944,6,23,0,4557,0,0,0,0,0,0,0,0,6,1,47776
201,0,0,0,0,0,0,0,0,0,0,0,0,0,0,0,0,2,3,0,764,0,0,0,0,0,0,0,0,2,24,0,6463,2,2,0,1107,0,0,0,0,0,0,0,0,2,41,8334
202,4,4,0,2878,1,1,0,869,1,1,0,623,12,13,0,5141,12,14,0,7471,2,2,0,532,0,0,0,0,29,148,0,45178,20,37,0,20413,0,0,0,0,1,1,0,1779,29,2,84884
203,1,1,0,1779,1,1,0,878,3,3,0,1779,6,6,0,2974,9,11,0,5318,4,4,0,1679,1,1,0,176,13,93,0,29703,13,24,0,11966,1,1,0,1321,2,3,0,5341,13,6,62914
204,5,9,0,4981,3,4,0,2632,0,0,0,0,7,7,0,2707,16,21,0,11483,5,5,0,2308,0,0,0,0,30,188,-445,72374,26,31,0,16135,5,6,0,3708,0,0,0,0,30,1,116328
205,0,0,0,0,3,3,0,765,1,1,0,710,6,8,0,2008,2,2,0,1189,1,1,0,888,0,0,0,0,31,75,0,24990,11,13,0,4817,0,0,0,0,0,0,0,0,31,1,35367
206,1,1,0,585,0,0,0,0,0,0,0,0,0,0,0,0,0,0,0,0,0,0,0,0,0,0,0,0,4,12,0,4657,4,5,0,4089,0,0,0,0,0,0,0,0,4,41,9331
207,2,3,0,3556,2,2,0,1380,1,2,0,712,9,11,0,5212,1,1,0,888,1,1,0,514,4,4,0,2513,17,62,0,19034,14,18,0,8002,0,0,0,0,2,2,0,4270,17,9,46081
208,1,1,0,445,0,0,0,0,0,0,0,0,0,0,0,0,1,1,0,585,0,0,0,0,0,0,0,0,1,5,0,1846,0,0,0,0,0,0,0,0,0,0,0,0,1,58,2876
209,8,8,0,4972,2,2,0,1018,2,2,0,3202,16,17,0,5353,12,15,0,9740,3,3,0,4001,4,4,0,1702,17,108,-356,52815,17,20,0,21726,2,2,0,2489,2,3,0,7109,17,9,114127
210,1,1,0,888,0,0,0,0,0,0,0,0,0,0,0,0,4,5,-44,1732,0,0,0,0,0,0,0,0,13,65,0,15311,6,6,0,2577,0,0,0,0,0,0,0,0,13,34,20508
211,0,0,0,0,0,0,0,0,0,0,0,0,0,0,0,0,0,0,0,0,0,0,0,0,0,0,0,0,1,2,0,333,0,0,0,0,0,0,0,0,0,0,0,0,1,58,333
212,0,0,0,0,1,1,0,532,0,0,0,0,2,7,0,532,2,3,0,1244,1,1,0,532,0,0,0,0,5,27,0,5291,5,6,0,5334,0,0,0,0,0,0,0,0,5,41,13465
213,2,3,0,2416,1,2,0,1065,0,0,0,0,5,5,0,2662,5,5,0,3448,6,6,0,3337,1,1,0,390,7,215,-1015,99776,7,39,0,35251,3,3,0,2643,0,0,0,0,7,40,150988
214,1,1,0,534,0,0,0,0,0,0,0,0,0,0,0,0,1,1,0,835,0,0,0,0,0,0,0,0,5,24,0,9957,3,3,0,2817,0,0,0,0,0,0,0,0,5,50,14143
215,0,0,0,0,1,1,0,406,0,0,0,0,0,0,0,0,2,3,0,1423,0,0,0,0,0,0,0,0,5,25,0,3962,1,1,0,1244,0,0,0,0,0,0,0,0,5,42,7035
216,0,0,0,0,0,0,0,0,0,0,0,0,1,1,0,532,0,0,0,0,0,0,0,0,0,0,0,0,5,5,0,1652,4,4,0,4714,0,0,0,0,0,0,0,0,5,50,6898
217,3,3,0,1296,1,3,0,2320,2,3,0,4270,2,2,0,1164,2,3,0,1456,0,0,0,0,1,1,0,585,5,12,0,4651,5,9,0,7855,2,2,0,1189,0,0,0,0,5,32,24786
218,1,1,0,89,1,1,0,637,1,1,0,623,2,2,0,386,6,7,0,2755,1,1,0,354,1,1,0,407,6,111,-53,31995,6,23,0,8201,1,1,0,710,0,0,0,0,6,21,46157
219,0,0,0,0,4,4,0,2021,1,1,0,710,3,4,0,1636,16,18,-240,13124,3,3,0,1063,1,1,0,532,16,151,-1396,57996,16,37,-3116,29145,0,0,0,0,0,0,0,0,16,3,106227
220,7,7,0,4602,5,6,0,6319,3,3,0,2311,12,14,0,4945,17,24,0,11157,8,8,0,4071,13,14,0,7211,31,340,-89,124635,31,44,0,33190,4,4,0,3823,1,1,0,890,31,1,203154
221,2,2,0,1207,2,2,0,1830,0,0,0,0,6,6,0,3105,4,4,0,5975,6,6,0,3659,2,2,0,977,10,62,0,33820,10,21,0,14605,5,5,0,3480,0,0,0,0,10,7,68658
222,1,1,0,178,1,1,0,1499,1,1,0,532,2,2,0,619,2,6,0,2288,0,0,0,0,0,0,0,0,2,35,0,11161,2,9,0,3079,0,0,0,0,0,0,0,0,2,56,19356
223,6,6,0,5073,4,6,0,4420,3,4,0,4001,14,15,0,6724,13,16,0,10210,1,1,0,211,1,1,0,445,14,265,0,100152,14,17,0,4635,1,1,0,977,0,0,0,0,14,4,136848
224,2,2,0,1243,2,2,0,1408,1,1,0,1066,11,22,0,10293,11,15,0,9287,9,9,0,5435,11,15,0,7531,11,164,0,66895,9,11,0,4035,0,0,0,0,1,1,0,1601,11,12,108794
225,3,6,0,1421,3,5,0,3382,2,3,0,1173,5,5,0,1649,11,18,0,12098,2,2,0,641,2,2,0,1011,11,178,0,68828,3,3,0,2416,2,2,0,1278,0,0,0,0,11,21,93897
226,6,9,0,2879,1,1,0,710,2,2,0,1408,3,3,0,1720,4,5,0,2374,5,6,0,4463,3,3,0,1722,21,99,-632,40577,21,43,-534,30027,2,2,0,1955,1,1,0,1244,21,18,89079
227,2,10,0,1280,2,3,0,2037,3,3,0,1688,2,5,0,675,13,14,0,7688,1,1,0,623,1,1,0,354,21,205,0,54257,7,7,0,3533,0,0,0,0,0,0,0,0,21,7,72135
228,4,4,0,1332,3,3,0,1805,4,4,0,3777,8,10,0,3905,0,0,0,0,8,11,0,4822,7,7,0,4261,8,59,-222,19715,8,10,0,5138,1,1,0,247,0,0,0,0,8,14,45002
229,0,0,0,0,0,0,0,0,0,0,0,0,1,1,0,532,3,4,0,844,0,0,0,0,0,0,0,0,12,39,0,14072,12,25,0,15298,1,1,0,507,0,0,0,0,12,10,31253
230,5,8,0,1716,4,6,0,2757,1,2,0,1777,8,8,0,1962,10,13,0,4183,3,3,0,1423,1,1,0,318,13,127,0,31871,13,52,0,16466,2,2,0,1225,0,0,0,0,13,13,63698
231,1,1,0,1066,1,1,0,607,2,2,0,1777,4,4,0,2416,3,3,0,2416,1,1,0,407,0,0,0,0,19,148,-596,44881,19,30,0,11984,1,1,0,799,0,0,0,0,19,4,66353
232,7,8,0,3748,2,3,0,1483,3,4,0,3024,7,11,0,5330,5,6,0,4803,4,4,0,1244,4,5,0,2406,13,58,0,19726,13,18,0,19548,2,2,0,3558,1,1,0,532,13,24,65402
233,0,0,0,0,0,0,0,0,0,0,0,0,0,0,0,0,1,2,0,1421,0,0,0,0,0,0,0,0,4,9,0,5024,0,0,0,0,0,0,0,0,0,0,0,0,4,47,6445
234,2,2,0,2133,1,1,0,862,1,2,0,890,1,1,0,176,4,6,0,2931,3,3,0,2197,0,0,0,0,16,48,0,13234,3,3,0,1882,0,0,0,0,1,1,0,1957,16,8,26262
235,3,4,0,977,0,0,0,0,0,0,0,0,0,0,0,0,4,5,0,2842,1,1,0,514,0,0,0,0,4,37,-623,24207,4,18,0,18011,0,0,0,0,0,0,0,0,4,32,46551
236,0,0,0,0,2,5,0,3740,0,0,0,0,4,4,0,796,5,5,0,4621,0,0,0,0,0,0,0,0,10,58,0,20602,6,8,0,8798,4,5,0,5761,0,0,0,0,10,9,44318
237,0,0,0,0,2,2,0,1827,0,0,0,0,1,1,0,176,5,7,0,4587,0,0,0,0,1,1,0,222,5,30,0,10490,2,2,0,1795,0,0,0,0,0,0,0,0,5,42,19097
238,3,4,0,756,6,7,0,5464,0,0,0,0,5,7,0,2559,7,11,0,3082,6,6,0,5681,1,1,0,406,23,246,0,63993,21,28,0,11437,0,0,0,0,0,0,0,0,23,12,93378
239,3,3,0,2222,3,3,0,4753,2,2,0,1554,2,5,0,1601,4,7,0,2897,2,2,0,894,1,1,0,354,7,46,0,13548,4,5,0,605,0,0,0,0,0,0,0,0,7,7,28428
240,2,2,0,1777,3,3,0,1659,2,2,0,2115,4,4,0,1775,12,28,0,9401,3,3,0,1252,2,3,0,1027,25,209,0,74537,15,16,0,6261,1,1,0,653,0,0,0,0,25,2,100457
241,0,0,0,0,1,2,0,1246,0,0,0,0,0,0,0,0,10,11,0,6098,0,0,0,0,1,1,0,445,11,281,0,104523,11,13,0,8577,0,0,0,0,0,0,0,0,11,27,120889
242,4,4,0,1900,2,3,0,1496,1,2,0,1246,13,15,0,5859,7,7,0,5601,2,2,-178,1072,7,8,0,2468,13,161,0,56238,12,14,0,4863,0,0,0,0,1,1,0,532,13,15,81275
243,5,8,0,2610,3,3,0,1825,1,1,0,1601,4,4,0,1330,3,3,0,1335,1,1,0,7122,0,0,0,0,9,67,0,19152,1,1,0,933,0,0,0,0,0,0,0,0,9,5,35908
244,10,13,0,6019,6,7,0,6580,4,4,0,3772,10,11,0,6347,6,7,0,8913,6,6,0,1802,9,9,0,3209,10,288,-623,130500,10,73,0,43180,1,1,0,352,2,2,0,1779,10,3,212453
245,2,3,0,675,0,0,0,0,1,1,0,532,5,5,0,1862,2,2,0,1385,2,2,0,1084,0,0,0,0,13,33,0,11378,6,6,0,3426,0,0,0,0,2,2,0,3025,13,2,23367
246,1,2,0,178,6,13,0,8506,6,7,0,6657,6,10,0,2767,6,14,0,11380,6,7,0,1818,4,4,0,1025,6,66,0,14449,6,56,-356,21870,0,0,0,0,0,0,0,0,6,48,68650
247,1,4,0,327,2,2,0,1693,1,1,0,933,3,3,0,1154,5,6,0,3773,1,1,0,445,2,2,0,1545,8,81,0,36147,8,8,0,5045,1,1,0,712,0,0,0,0,8,5,51774
248,2,3,0,1098,3,3,0,1668,3,5,0,3615,4,4,0,1490,8,11,0,4315,3,3,0,1672,13,13,0,2740,26,186,-3775,69243,26,62,-267,28086,3,3,0,2979,0,0,0,0,26,2,116906
249,1,1,0,229,0,0,0,0,0,0,0,0,0,0,0,0,1,1,0,354,0,0,0,0,0,0,0,0,8,46,0,17450,6,6,0,3230,0,0,0,0,0,0,0,0,8,40,21263
250,0,0,0,0,3,3,0,2623,0,0,0,0,3,8,0,949,1,1,0,1244,0,0,0,0,0,0,0,0,20,115,0,60990,12,15,0,7586,0,0,0,0,0,0,0,0,20,4,73392
251,1,1,0,1423,0,0,0,0,1,1,0,1066,0,0,0,0,1,1,0,461,1,1,0,354,0,0,0,0,10,14,0,4724,9,11,0,7480,2,2,0,1065,0,0,0,0,10,2,16573
252,2,4,0,1156,5,6,0,5353,2,4,0,2589,6,8,0,3374,9,13,0,6949,3,4,0,2072,5,5,0,3378,17,153,0,45269,17,30,0,13604,0,0,0,0,0,0,0,0,17,17,83744
253,0,0,0,0,2,2,0,1086,0,0,0,0,1,2,0,534,2,2,0,1599,0,0,0,0,0,0,0,0,8,56,0,20100,6,8,0,2269,0,0,0,0,0,0,0,0,8,39,25588
254,0,0,0,0,0,0,0,0,0,0,0,0,0,1,0,318,0,0,0,0,0,0,0,0,0,0,0,0,0,16,0,7334,0,8,0,3102,0,0,0,0,0,0,0,0,0,7,10754
255,0,0,0,0,2,2,0,1275,0,0,0,0,3,3,0,1508,4,6,0,2981,0,0,0,0,0,0,0,0,11,153,0,42930,11,15,0,6602,0,0,0,0,0,0,0,0,11,13,55296
256,1,2,0,1421,1,1,0,2190,3,4,0,2860,3,9,0,1777,3,20,0,12890,1,1,0,381,0,0,0,0,3,57,0,21965,1,1,0,3560,3,5,0,2226,0,0,0,0,3,36,49270
257,1,1,0,710,1,1,0,1444,0,0,0,0,3,5,0,1423,3,11,0,7645,0,0,0,0,1,1,0,301,3,36,0,5458,3,7,0,4477,0,0,0,0,0,0,0,0,3,51,21458
258,3,4,0,1683,1,1,0,443,0,0,0,0,11,15,0,5054,5,7,0,1687,1,1,0,977,1,1,0,297,22,146,-338,55063,8,14,0,6823,1,2,0,1065,0,0,0,0,22,16,73092
259,0,0,0,0,0,0,0,0,0,0,0,0,0,0,0,0,0,0,0,0,0,0,0,0,0,0,0,0,0,0,0,0,0,0,0,0,0,0,0,0,0,0,0,0,0,0,0
260,0,0,0,0,4,5,0,4432,0,0,0,0,0,0,0,0,2,4,0,1601,0,0,0,0,0,0,0,0,4,16,-445,6636,3,4,0,7583,0,0,0,0,0,0,0,0,4,35,20252
261,0,0,0,0,0,0,0,0,0,0,0,0,0,0,0,0,0,0,0,0,0,0,0,0,0,0,0,0,7,30,0,8274,5,5,0,3734,0,0,0,0,0,0,0,0,7,46,12008
262,0,0,0,0,1,1,0,778,0,0,0,0,1,1,0,710,1,1,0,1601,1,1,0,445,1,1,0,621,9,63,0,35817,9,18,0,16319,0,0,0,0,0,0,0,0,9,3,56291
263,0,0,0,0,0,0,0,0,0,0,0,0,0,0,0,0,0,0,0,0,0,0,0,0,0,0,0,0,1,25,0,5143,1,4,0,356,0,0,0,0,0,0,0,0,1,58,5499
264,0,0,0,0,1,2,0,3741,0,0,0,0,4,5,0,2769,5,29,0,10750,0,0,0,0,0,0,0,0,5,117,-445,45036,5,6,0,9645,0,0,0,0,0,0,0,0,5,50,71941
265,5,5,0,1820,3,3,0,2135,0,0,0,0,14,15,0,6203,2,2,0,977,2,2,0,906,3,3,0,1196,16,131,0,47764,5,6,0,4993,1,1,0,935,0,0,0,0,16,9,66929
266,4,7,0,3200,12,13,0,5900,4,4,0,2046,7,11,0,1818,22,30,0,9453,0,0,0,0,2,2,0,530,25,203,0,50619,13,15,0,10531,0,0,0,0,1,1,0,888,25,10,84985
267,3,4,0,797,4,4,0,2598,0,0,0,0,9,9,0,1727,2,2,0,977,3,3,0,445,1,1,0,443,11,93,-356,29662,9,11,0,5070,0,0,0,0,0,0,0,0,11,7,41719
268,0,0,0,0,0,0,0,0,1,1,0,835,2,2,0,683,2,2,0,646,1,1,0,710,1,1,0,178,50,93,0,29715,5,7,0,1672,0,0,0,0,0,0,0,0,50,1,34439
269,0,0,0,0,1,1,0,2406,0,0,0,0,1,1,0,176,4,5,0,881,0,0,0,0,0,0,0,0,5,6,0,7795,2,2,0,669,0,0,0,0,0,0,0,0,5,39,11927
270,1,1,0,211,1,1,0,598,3,3,0,2863,5,5,0,1417,3,3,0,1129,1,1,0,828,3,3,0,2042,8,81,0,27479,3,3,0,1741,0,0,0,0,0,0,0,0,8,6,38308
271,4,4,0,1027,3,4,0,2212,2,2,0,1563,19,19,0,5369,17,26,0,9088,2,2,0,886,2,2,0,370,42,385,0,140066,42,70,0,49133,1,1,0,265,2,2,0,3738,42,1,213717
272,3,3,0,2753,2,3,0,3042,1,2,0,2383,2,3,0,833,7,16,0,7728,4,4,0,1510,0,0,0,0,7,136,0,42500,7,11,0,3293,0,0,0,0,0,0,0,0,7,31,64042
273,1,1,0,532,1,1,0,2454,1,1,0,710,3,3,0,1472,10,16,0,11209,1,1,0,710,0,0,0,0,11,66,-213,18615,11,26,0,15555,3,3,0,2256,0,0,0,0,11,22,53513
274,1,1,0,532,0,0,0,0,0,0,0,0,2,2,0,1209,5,6,0,4000,3,3,-178,2851,0,0,0,0,9,102,0,37017,8,9,0,6037,3,3,0,2577,2,2,0,3382,9,4,57605
275,2,2,0,1350,7,10,0,12039,2,3,0,3909,7,7,0,4213,7,15,0,6791,0,0,0,0,7,21,0,3948,7,100,0,39373,5,7,0,1750,0,0,0,0,0,0,0,0,7,7,73373
276,2,2,0,667,0,0,0,0,0,0,0,0,2,2,0,815,3,3,-178,2488,0,0,0,0,0,0,0,0,8,114,-2057,35203,8,8,-133,4710,0,0,0,0,0,0,0,0,8,44,43883
277,0,0,0,0,1,1,0,1114,0,0,0,0,4,4,0,1471,3,5,0,2669,1,2,0,780,2,2,0,356,7,97,-756,35352,7,15,-356,5293,0,0,0,0,0,0,0,0,7,10,47035
278,0,0,0,0,0,0,0,0,0,0,0,0,0,0,0,0,1,2,0,890,0,0,0,0,0,0,0,0,4,5,0,2080,4,4,0,9806,0,0,0,0,0,0,0,0,5,50,12776
279,3,6,0,799,2,2,0,1171,3,3,0,1542,5,5,0,1419,4,5,0,2578,0,0,0,0,4,4,0,2577,12,89,0,27299,4,6,0,2569,0,0,0,0,0,0,0,0,12,5,39954
280,2,2,0,4092,7,9,0,4995,2,2,0,1777,4,5,0,2308,6,7,0,3430,3,3,0,1508,1,1,0,354,12,96,-534,30244,6,6,0,4805,0,0,0,0,1,1,0,354,12,5,53867
281,1,1,0,178,0,0,0,0,1,1,0,283,3,4,0,919,2,2,0,890,3,3,0,2527,7,7,0,3280,30,197,0,96490,22,25,0,16456,1,1,0,390,0,0,0,0,30,1,121413
282,8,10,0,2537,2,4,0,1506,3,3,0,2224,7,11,0,2840,9,10,0,7957,1,2,0,1421,10,10,0,4090,38,615,-178,215767,38,75,0,34207,1,1,0,835,0,0,0,0,38,1,273384
283,2,2,0,1421,4,5,0,1798,5,5,0,3376,3,4,0,888,9,9,0,4445,1,1,0,710,7,9,0,2669,15,71,0,29626,3,4,0,3772,0,0,0,0,0,0,0,0,15,3,48705
284,2,2,0,268,3,4,0,1260,1,1,0,443,10,10,0,3394,6,6,0,4178,5,5,0,3248,18,50,0,17674,18,140,0,67700,17,18,0,9909,2,2,0,1011,1,1,0,1423,18,10,110508
285,1,1,0,140,1,1,0,639,1,1,0,568,2,2,0,398,12,17,0,7725,1,1,-178,407,7,13,0,2541,12,245,-106,63631,2,2,0,2614,0,0,0,0,2,2,0,3202,12,30,81865
286,2,2,0,532,0,0,0,0,1,1,0,445,2,3,0,940,6,6,0,3468,0,0,0,0,0,0,0,0,11,49,0,19954,6,6,0,3114,1,1,0,933,0,0,0,0,11,9,29386
287,2,2,0,799,0,0,0,0,4,4,0,2578,4,4,0,1496,0,0,0,0,1,1,0,710,1,1,0,356,4,39,-356,13389,4,7,0,3063,2,2,0,949,0,0,0,0,4,52,23340
288,1,2,0,178,1,1,0,710,0,0,0,0,8,10,0,5520,6,7,0,3075,1,1,0,354,1,1,0,267,8,67,0,19147,8,14,0,6986,0,0,0,0,1,1,0,356,8,44,36593
289,3,4,0,1601,1,1,0,1601,0,0,0,0,4,4,0,2441,20,22,0,12970,3,4,0,3305,0,0,0,0,40,136,0,79950,30,33,0,25590,3,3,0,3914,0,0,0,0,40,1,131372
290,2,6,0,1704,11,14,0,8493,4,6,0,5462,11,38,0,13145,7,8,0,4477,3,3,0,2140,3,5,0,2026,11,153,-178,77843,9,9,0,8326,1,1,0,924,1,1,0,1781,11,5,126321
291,1,1,0,2669,0,0,0,0,0,0,0,0,6,8,0,4352,6,12,0,7298,1,1,0,710,0,0,0,0,6,60,0,26454,3,3,0,2541,0,0,0,0,0,0,0,0,6,45,44024
292,0,0,0,0,1,1,0,940,0,0,0,0,1,2,0,534,6,8,0,2126,0,0,0,0,0,0,0,0,9,44,0,16077,6,6,0,2315,0,0,0,0,0,0,0,0,9,42,21992
293,6,6,0,5675,9,10,0,7496,4,4,0,2073,18,19,0,7008,29,41,0,20068,5,6,0,7490,1,1,0,443,29,356,-445,126162,29,43,0,19216,4,4,0,3528,0,0,0,0,29,2,199159
294,5,5,0,3423,3,4,0,4771,2,3,0,2131,6,7,0,2128,21,35,0,12559,4,4,0,3554,4,4,0,801,30,300,-445,99233,20,21,0,12277,1,1,0,222,0,0,0,0,30,1,141099
295,0,0,0,0,0,0,0,0,0,0,0,0,1,1,0,532,0,0,0,0,0,0,0,0,0,0,0,0,2,16,0,1797,1,1,0,1013,0,0,0,0,0,0,0,0,2,56,3342
296,3,3,0,5800,1,3,0,1754,0,0,0,0,2,3,0,1601,8,14,0,6796,0,0,0,0,0,0,0,0,17,110,-338,40199,17,60,0,38699,3,3,0,1155,0,0,0,0,17,2,96004
297,3,3,0,1243,0,0,0,0,2,2,0,1932,9,10,0,2087,0,0,0,0,1,1,0,532,2,2,0,710,13,55,-89,13387,3,3,0,1234,1,1,0,639,0,0,0,0,13,8,21764
298,1,1,0,178,0,0,0,0,0,0,0,0,0,0,0,0,0,0,0,0,5,7,0,5551,4,7,0,2844,5,25,0,7777,5,10,0,3980,0,0,0,0,0,0,0,0,5,50,20330
299,0,0,0,0,0,0,0,0,0,0,0,0,0,0,0,0,0,0,0,0,0,0,0,0,0,0,0,0,5,11,0,4445,2,2,0,2489,0,0,0,0,0,0,0,0,5,43,6934
300,3,3,0,534,3,3,0,2195,0,0,0,0,7,9,0,3975,8,19,0,9790,5,5,0,2365,1,1,0,764,8,201,0,56257,8,18,0,7766,1,1,0,2010,1,1,0,2313,8,16,87969
301,2,2,0,566,3,3,0,3729,1,1,0,356,6,6,0,2755,11,11,-62,7232,0,0,0,0,2,2,0,888,13,126,-997,49588,13,21,-1602,11786,2,2,0,2632,0,0,0,0,13,3,79532
302,1,1,0,354,4,7,0,5293,1,1,0,1066,3,4,0,1773,10,14,0,12479,0,0,0,0,1,1,0,354,25,118,0,31990,25,77,0,24684,0,0,0,0,0,0,0,0,25,10,77993
303,0,0,0,0,3,3,0,1146,3,3,0,2224,3,3,0,528,6,10,0,2901,1,1,0,194,0,0,0,0,19,105,0,22876,17,18,0,7971,2,2,0,1193,0,0,0,0,19,1,39033
304,0,0,0,0,7,14,0,5895,0,0,0,0,4,5,0,828,0,0,0,0,1,1,0,671,0,0,0,0,11,82,0,112730,2,3,0,1512,0,0,0,0,1,1,0,4094,11,13,125730
305,1,1,0,354,3,4,0,3907,1,1,0,333,1,1,0,265,5,8,0,4495,3,5,0,1066,1,1,0,265,7,72,-356,24182,7,32,0,9278,1,1,0,1423,0,0,0,0,7,20,45568
306,0,1,0,356,0,0,0,0,0,0,0,0,0,0,0,0,0,10,0,5779,0,0,0,0,0,0,0,0,0,53,0,18064,0,43,0,33046,0,0,0,0,0,0,0,0,0,2,57245
307,0,0,0,0,4,5,0,3574,1,1,0,1191,4,4,0,1421,8,10,0,4130,2,2,0,710,0,0,0,0,20,150,-2886,45392,11,12,0,4480,0,0,0,0,0,0,0,0,20,7,60898
308,2,2,0,4448,0,0,0,0,0,0,0,0,3,3,0,1599,2,2,0,762,3,3,0,1935,0,0,0,0,3,18,-445,7645,2,2,0,2347,0,0,0,0,2,2,0,2667,3,54,21403
309,1,3,0,1063,3,6,0,3663,0,0,0,0,2,2,0,575,2,5,0,2493,1,1,0,354,0,0,0,0,3,40,0,14652,1,1,0,888,0,0,0,0,0,0,0,0,3,53,23688
310,4,4,0,1554,7,13,0,7777,10,11,0,7416,9,11,0,3116,16,26,0,16262,7,8,0,2263,4,4,0,541,16,171,0,46044,16,36,0,13827,2,2,0,566,0,0,0,0,16,13,99366
311,2,2,0,356,2,2,0,1704,0,0,0,0,4,4,0,867,2,2,0,675,3,3,0,1015,0,0,0,0,8,51,0,15724,6,6,0,3093,0,0,0,0,0,0,0,0,8,2,23434
312,0,0,0,0,2,2,0,1134,1,1,0,267,1,1,0,532,6,7,0,5645,0,0,0,0,0,0,0,0,7,101,-320,43413,7,97,-267,17309,0,0,0,0,0,0,0,0,7,27,68300
313,2,7,0,1779,0,0,0,0,3,7,0,4023,2,7,0,416,3,11,0,4530,0,0,0,0,1,1,0,194,3,45,0,11024,3,9,0,7845,0,0,0,0,0,0,0,0,3,51,29811
314,4,4,0,1777,3,4,0,3692,2,3,0,3111,15,22,0,8954,11,14,0,8044,3,3,0,3378,3,3,0,1455,15,188,0,70881,15,22,0,14994,1,1,0,318,0,0,0,0,15,13,116604
315,0,0,0,0,0,0,0,0,0,0,0,0,0,0,0,0,1,1,0,443,0,0,0,0,0,0,0,0,2,2,0,737,4,13,-178,4968,0,0,0,0,0,0,0,0,4,41,6148
316,0,0,0,0,1,1,0,689,1,1,0,267,0,0,0,0,2,2,0,888,0,0,0,0,0,0,0,0,6,20,0,4554,4,4,0,712,0,0,0,0,0,0,0,0,6,42,7110
317,1,2,0,673,1,9,0,6395,0,0,0,0,1,1,0,354,1,1,0,710,0,0,0,0,1,2,0,2756,1,4,0,4286,1,1,0,496,0,0,0,0,0,0,0,0,1,58,15670
318,3,4,0,5335,0,0,0,0,0,0,0,0,1,1,0,710,0,0,0,0,1,1,0,888,0,0,0,0,7,16,0,6605,7,8,0,6379,0,0,0,0,1,1,0,1244,7,6,21161
319,3,3,0,974,2,2,0,1152,2,3,0,1921,10,10,0,4821,12,22,0,8981,1,1,0,1066,3,11,0,2073,12,147,0,63604,12,21,0,10370,1,1,0,1423,0,0,0,0,12,14,96385
320,3,3,0,1366,4,4,0,2343,4,5,0,4977,2,2,0,530,6,8,0,4126,1,1,0,76,2,2,0,708,12,83,0,25083,12,12,0,4824,1,1,0,532,1,1,0,888,12,13,45453
321,2,6,0,3408,0,0,0,0,0,0,0,0,1,1,0,532,2,3,0,1276,0,0,0,0,0,0,0,0,10,58,0,25776,10,16,0,10322,0,0,0,0,0,0,0,0,10,40,41314
322,0,0,0,0,0,0,0,0,0,0,0,0,0,0,0,0,0,0,0,0,0,0,0,0,0,0,0,0,1,1,-89,977,3,8,0,6270,0,0,0,0,0,0,0,0,3,54,7247
323,2,3,0,710,0,0,0,0,0,0,0,0,1,1,0,176,3,3,0,1955,1,1,0,710,0,0,0,0,34,109,0,32984,7,8,0,3850,0,0,0,0,0,0,0,0,34,1,40385
324,0,0,0,0,1,5,0,1333,0,0,0,0,2,2,0,317,1,2,0,890,0,0,0,0,0,0,0,0,6,40,0,7736,6,9,0,8618,0,0,0,0,0,0,0,0,6,47,18894
325,3,11,0,5679,3,3,0,1453,1,1,0,1066,3,3,0,1419,6,9,0,4253,4,4,0,1891,11,11,0,6144,11,77,-89,25732,5,7,0,2578,2,2,0,904,1,1,0,712,11,7,51831
326,4,4,0,849,1,1,0,3798,1,1,0,888,11,11,0,4338,3,3,0,1513,3,3,0,1718,3,3,0,1686,26,207,0,103724,22,27,0,15127,1,1,0,1280,1,1,0,1779,26,2,136700
327,3,4,0,1259,0,0,0,0,0,0,0,0,4,4,0,1599,2,2,0,890,1,1,0,532,3,3,0,1476,19,89,0,62361,8,23,0,8821,0,0,0,0,0,0,0,0,19,1,76938
328,5,10,0,3877,6,17,0,10741,0,0,0,0,15,22,0,7537,18,33,0,19389,4,6,-178,4320,3,3,0,2632,30,793,-1040,208894,30,78,-1424,38348,3,3,0,2131,3,3,0,2133,30,1,300002
329,3,4,0,1488,2,3,0,2397,3,5,0,4685,2,4,0,687,3,5,0,3535,0,0,0,0,0,0,0,0,3,48,0,20397,3,3,0,1895,0,0,0,0,0,0,0,0,3,38,35084
330,1,1,0,1601,0,0,0,0,0,0,0,0,2,2,0,1599,0,0,0,0,1,1,0,532,0,0,0,0,11,32,-1049,15106,11,40,0,15469,0,0,0,0,0,0,0,0,11,38,34307
331,2,3,0,1205,5,6,0,3779,1,1,0,714,3,4,0,1154,5,8,0,1772,0,0,0,0,2,2,0,1065,14,89,0,28421,4,5,0,5708,0,0,0,0,0,0,0,0,14,6,43818
332,1,2,0,534,1,1,0,846,0,0,0,0,3,3,0,1650,4,5,0,1781,0,0,0,0,1,1,0,297,9,65,0,27452,8,8,0,4226,0,0,0,0,0,0,0,0,9,42,36786
333,1,1,0,532,2,2,0,879,2,2,0,1066,0,0,0,0,5,5,0,2276,0,0,0,0,0,0,0,0,5,45,0,12078,5,7,0,9980,0,0,0,0,0,0,0,0,5,50,26811
334,1,1,0,354,3,4,0,1670,2,2,0,977,3,3,0,1241,7,12,0,4001,2,2,0,1138,0,0,0,0,14,104,0,45383,14,42,-89,32280,3,3,-267,2292,0,0,0,0,14,32,89336
335,0,0,0,0,1,1,0,942,3,3,0,2895,8,14,0,3200,7,9,0,5439,1,1,0,226,0,0,0,0,9,87,0,20504,9,18,0,5540,0,0,0,0,0,0,0,0,9,15,38746
336,0,0,0,0,0,0,0,0,0,0,0,0,0,0,0,0,0,0,0,0,0,0,0,0,0,0,0,0,6,18,0,4295,2,2,0,904,0,0,0,0,0,0,0,0,6,48,5199
337,5,5,0,4443,1,1,0,532,1,1,0,1601,8,9,0,3549,11,22,0,11494,3,3,0,4375,3,4,0,2131,11,281,0,119038,6,6,0,5811,0,0,0,0,0,0,0,0,11,7,152974
338,0,0,0,0,1,1,0,502,0,0,0,0,0,0,0,0,0,0,0,0,0,0,0,0,0,0,0,0,3,19,0,5359,2,2,0,1688,0,0,0,0,0,0,0,0,3,54,7549
339,1,1,0,532,3,7,0,4117,2,6,0,13330,2,2,0,1066,2,3,0,1171,0,0,0,0,0,0,0,0,11,25,0,14344,11,94,0,48902,0,0,0,0,0,0,0,0,11,4,83462
340,1,1,0,318,1,1,0,703,1,1,0,1779,10,11,0,4742,3,3,0,1652,2,2,0,1243,6,7,0,4801,13,79,0,29332,8,8,0,6771,0,0,0,0,0,0,0,0,13,4,51341
341,6,6,0,2947,1,1,0,673,2,2,0,2365,8,9,0,2443,8,9,0,8482,7,7,0,4947,11,13,0,4261,42,256,-267,97741,41,47,0,28741,1,1,0,265,1,1,0,3916,42,1,156781
342,0,0,0,0,0,0,0,0,0,0,0,0,1,2,0,886,0,0,0,0,1,2,0,886,1,1,0,532,1,5,0,2060,0,0,0,0,0,0,0,0,0,0,0,0,1,44,4364
343,1,1,0,443,2,2,0,1218,3,3,0,1811,4,4,0,1243,14,16,0,7830,3,3,0,6076,5,8,0,5453,20,79,0,22926,5,5,0,1996,0,0,0,0,0,0,0,0,20,1,48996
344,0,0,0,0,0,0,0,0,0,0,0,0,0,0,0,0,3,5,0,1661,0,0,0,0,0,0,0,0,3,16,0,3277,1,1,0,176,0,0,0,0,0,0,0,0,3,54,5114
345,2,2,0,1884,1,1,0,511,3,3,0,2176,7,12,0,2439,2,2,0,764,2,3,0,1597,1,1,0,318,10,92,0,25628,9,9,0,8089,1,1,0,678,0,0,0,0,10,14,44084
346,0,0,0,0,0,0,0,0,0,0,0,0,1,1,0,267,1,4,0,1955,0,0,0,0,0,0,0,0,1,37,0,20757,1,3,0,2003,0,0,0,0,0,0,0,0,1,58,24982
347,1,1,0,178,1,1,0,482,0,0,0,0,4,5,0,1658,1,1,0,888,0,0,0,0,1,1,0,443,4,9,0,3766,3,3,0,3449,0,0,0,0,0,0,0,0,4,21,10864
348,0,0,0,0,0,0,0,0,1,1,0,178,3,4,0,1298,0,0,0,0,1,1,0,1244,0,0,0,0,3,30,0,14529,3,25,0,18693,3,3,0,1786,0,0,0,0,3,54,37728
349,0,0,0,0,0,0,0,0,1,1,0,532,2,2,0,443,1,1,0,603,0,0,0,0,0,0,0,0,4,11,0,2623,1,1,0,568,0,0,0,0,0,0,0,0,4,49,4769
350,1,2,0,178,2,2,0,1585,0,0,0,0,5,9,0,1161,4,5,0,2272,0,0,0,0,0,0,0,0,9,47,0,18290,9,27,0,17345,0,0,0,0,0,0,0,0,9,4,40831
351,3,3,0,1597,3,3,0,2359,0,0,0,0,5,6,0,1770,5,11,0,7836,3,3,0,3050,2,2,0,712,5,100,-178,34289,2,2,0,655,0,0,0,0,0,0,0,0,5,38,52268
352,2,2,0,1296,1,1,0,828,3,3,0,1244,5,5,0,2074,7,15,0,7383,0,0,0,0,1,1,0,639,7,148,0,58208,7,18,0,14614,0,0,0,0,1,1,0,2313,7,4,88599
353,2,2,0,3024,3,3,0,1364,3,3,0,1779,6,7,0,3403,7,8,0,5474,2,2,0,336,0,0,0,0,15,72,0,18947,14,15,0,9937,0,0,0,0,0,0,0,0,15,4,44264
354,0,0,0,0,0,0,0,0,0,0,0,0,1,1,0,176,3,3,0,3022,0,0,0,0,0,0,0,0,6,39,0,9145,1,1,0,229,0,0,0,0,0,0,0,0,6,39,12572
355,1,1,0,211,4,6,0,5318,6,13,0,9430,21,34,0,11051,4,6,0,2493,2,2,0,940,8,11,0,5433,21,332,-2163,131637,21,40,-311,21699,3,3,0,2600,1,1,0,890,21,5,191702
356,1,2,0,178,0,0,0,0,0,0,0,0,0,0,0,0,3,3,0,1512,0,0,0,0,2,2,0,1100,6,16,0,6114,2,3,0,1011,1,1,0,657,0,0,0,0,6,12,10572
357,3,5,0,1606,0,0,0,0,0,0,0,0,1,1,0,356,6,18,-97,8539,3,3,0,1704,3,3,0,1314,6,143,-1496,56020,6,19,-222,6812,0,0,0,0,0,0,0,0,6,12,76351
358,1,1,0,479,3,3,0,2320,0,0,0,0,5,7,0,2879,3,3,0,1775,3,4,0,2525,0,0,0,0,8,129,-89,45488,8,56,0,26895,2,2,0,2133,0,0,0,0,8,13,84494
359,0,0,0,0,0,0,0,0,2,2,0,1866,1,1,0,1423,11,15,-374,7733,2,2,0,708,1,1,0,292,18,212,-2457,77540,18,42,-1291,45056,2,3,0,2637,1,1,0,1957,18,4,139212
360,1,3,0,267,5,8,0,15282,3,4,0,3959,4,5,0,1488,6,7,0,3558,0,0,0,0,2,3,0,1953,12,136,0,35354,11,13,0,7455,0,0,0,0,0,0,0,0,12,10,69316
361,2,2,0,1155,1,2,0,532,4,5,0,4842,16,16,0,6612,1,1,0,710,11,12,0,5285,2,4,0,1424,17,183,-1050,88644,5,7,-356,3154,0,0,0,0,0,0,0,0,17,8,112358
362,4,4,0,1243,8,8,0,3138,0,0,0,0,1,1,0,176,16,16,0,5784,5,5,0,1549,2,2,0,356,46,273,0,81693,46,88,0,43722,1,1,0,178,0,0,0,0,46,1,137839
363,0,0,0,0,0,0,0,0,0,0,0,0,0,0,0,0,0,0,0,0,0,0,0,0,0,0,0,0,0,0,0,0,0,0,0,0,0,0,0,0,0,0,0,0,0,0,0
364,3,3,0,1864,2,4,0,3376,2,2,0,2489,4,5,0,1953,4,13,0,5075,1,1,0,710,2,2,0,1421,4,115,-106,41803,4,9,-356,8265,0,0,0,0,0,0,0,0,4,14,66956
365,2,2,0,621,1,1,0,502,3,3,0,1009,6,6,0,2694,2,2,0,1093,2,2,0,600,0,0,0,0,10,88,-276,28182,10,18,-97,22160,0,0,0,0,0,0,0,0,10,6,56861
366,3,4,0,1333,3,7,0,5245,1,1,0,532,2,2,0,1599,3,8,0,4908,0,0,0,0,2,2,0,940,3,27,0,11432,3,17,0,4322,0,0,0,0,0,0,0,0,3,54,30311
367,1,1,0,532,6,6,0,2495,1,1,0,361,11,11,0,4876,6,6,0,3264,7,8,0,7961,3,3,0,1022,19,131,0,50320,15,16,0,7164,8,8,0,3971,1,2,0,1421,19,15,83387
368,12,16,0,6311,1,1,0,1099,0,0,0,0,17,24,0,11389,17,19,0,14324,6,7,0,4126,4,4,0,1731,17,369,-445,147972,17,34,0,20595,3,3,0,3045,1,2,0,1065,17,5,211657
369,1,1,0,178,0,0,0,0,2,2,0,886,6,10,0,3574,6,6,0,4533,1,1,0,1601,6,21,0,4176,6,111,0,43985,6,8,0,3707,1,1,0,585,0,0,0,0,6,24,63225
370,0,0,0,0,7,7,0,6007,3,4,0,2842,1,2,0,699,17,20,0,10392,1,1,0,443,0,0,0,0,20,127,0,36047,10,11,0,7371,1,1,0,977,0,0,0,0,20,11,64778
371,2,3,0,1423,2,2,0,1426,2,2,0,1116,5,5,0,1688,7,17,0,9546,0,0,0,0,0,0,0,0,7,244,-650,67729,7,10,0,4133,1,1,0,443,0,0,0,0,7,29,87504
372,3,3,0,1777,8,8,0,7544,0,0,0,0,5,5,0,1675,2,4,0,1781,0,0,0,0,0,0,0,0,13,87,-2030,29649,7,9,-534,3050,2,2,-71,1198,0,0,0,0,13,7,46674
373,3,3,0,2308,5,5,0,4432,1,1,0,1066,10,11,0,4794,12,14,0,7107,7,8,0,3638,2,2,0,886,14,156,0,77635,14,21,0,12001,5,5,0,6206,0,0,0,0,14,6,120073
374,1,1,0,445,1,2,0,924,2,2,0,776,2,3,0,626,6,8,0,3734,2,2,0,1170,0,0,0,0,9,64,-445,19281,9,11,0,3846,0,0,0,0,0,0,0,0,9,7,30802
375,4,5,0,2434,1,1,0,922,0,0,0,0,1,1,-89,443,10,14,0,7464,1,1,0,621,0,0,0,0,10,165,0,40326,8,10,0,4261,0,0,0,0,0,0,0,0,10,6,56471
376,8,8,0,3000,1,1,0,511,2,2,0,680,18,21,0,7029,5,6,0,4390,4,4,0,2539,8,8,0,4488,23,145,0,61328,23,36,0,19357,2,2,0,1599,1,1,0,710,23,3,105631
377,2,2,0,390,2,2,0,1063,0,0,0,0,3,3,0,871,5,7,0,2161,1,1,-178,333,0,0,0,0,11,59,-178,16735,5,6,-712,14361,0,0,0,0,0,0,0,0,11,2,35914
378,3,3,0,2131,6,7,0,5816,4,9,0,6315,13,13,0,3837,19,21,0,11054,3,3,0,1446,5,5,0,2058,41,173,-106,61578,11,12,0,8871,1,1,0,639,0,0,0,0,41,1,103745
379,0,0,0,0,0,0,0,0,0,0,0,0,5,9,0,4356,0,0,0,0,0,0,0,0,5,25,0,5040,5,31,0,14367,5,9,0,4030,0,0,0,0,0,0,0,0,5,50,27793
380,1,1,0,354,1,1,0,1467,0,0,0,0,5,7,0,2213,6,8,0,3588,9,9,0,4992,1,4,0,1275,10,112,-463,49363,10,17,-176,9401,0,0,0,0,2,2,0,2133,10,9,74786
381,1,1,0,1601,0,0,0,0,0,0,0,0,0,0,0,0,3,6,0,7113,0,0,0,0,3,5,0,3018,3,128,0,25747,3,10,0,4972,1,1,0,1387,0,0,0,0,3,54,43838
382,4,4,0,958,1,1,0,902,2,3,0,1396,8,8,0,2349,8,11,0,6115,2,2,0,2347,3,4,0,1821,10,162,0,41253,9,12,0,5277,1,1,0,890,1,1,0,1468,10,2,64776
383,4,4,0,2968,2,2,0,4491,0,0,0,0,10,13,0,5246,9,13,0,7733,2,3,0,1775,4,4,0,1136,10,47,0,16540,10,24,0,6359,2,2,0,913,1,1,0,1957,10,6,49118
384,1,1,0,354,5,7,0,3505,1,1,0,710,4,6,0,1512,13,29,-97,14730,1,1,0,532,1,1,0,318,13,223,-2023,69939,13,31,-851,17288,3,3,0,1330,0,0,0,0,13,7,110218
385,18,35,0,5038,2,3,0,2016,0,0,0,0,7,7,0,2404,2,2,0,801,2,2,0,977,0,0,0,0,18,94,0,30674,7,7,0,5456,0,0,0,0,0,0,0,0,18,24,47366
386,4,4,0,1132,6,7,0,7433,3,6,0,2577,10,14,0,7636,10,15,0,12021,9,9,0,4990,0,0,0,0,10,511,-222,163053,10,25,0,12628,2,2,0,2155,3,3,0,3912,10,29,217537
387,11,19,0,2447,2,2,0,794,2,2,0,603,8,10,0,2753,15,33,0,10548,4,4,0,1009,1,1,0,443,15,219,-1380,49684,9,10,0,3255,0,0,0,0,0,0,0,0,15,3,71536
388,0,2,0,958,0,3,0,3563,0,3,0,3202,0,2,0,1278,0,7,0,4887,0,6,0,4406,0,0,0,0,0,100,0,49812,0,7,0,7316,0,0,0,0,0,1,0,1244,0,60,76666
389,5,5,0,2092,1,1,0,623,3,3,0,3953,6,7,0,2290,4,4,0,1868,2,2,0,1066,6,7,0,3442,25,146,0,83594,14,14,0,9054,2,2,0,1252,0,0,0,0,25,4,109234
390,0,0,0,0,1,3,0,2496,0,0,0,0,2,3,0,1241,2,3,0,3113,0,0,0,0,1,1,0,267,2,67,-1291,24424,2,10,-133,3665,2,2,0,878,0,0,0,0,2,56,36084
391,0,0,0,0,0,0,0,0,1,3,0,2131,2,3,0,833,2,2,0,710,0,0,0,0,3,4,-66,1436,9,13,0,2616,5,5,0,1542,1,1,0,211,0,0,0,0,9,9,9479
392,4,4,0,1631,1,1,0,1487,5,5,0,1681,13,24,0,4915,10,10,-97,4895,4,4,0,1811,8,8,0,4067,15,211,-1113,96465,15,40,0,18205,0,0,0,0,1,1,0,890,15,4,136047
393,0,0,0,0,1,1,0,532,0,0,0,0,1,2,0,459,3,6,0,3346,0,0,0,0,0,0,0,0,4,14,-267,4336,3,3,0,2229,0,0,0,0,0,0,0,0,4,52,10902
394,3,3,0,1294,1,2,0,653,1,1,0,178,5,6,0,2260,1,2,0,890,5,5,0,3068,5,5,0,3061,12,164,0,52290,12,20,0,11432,11,11,0,8839,0,0,0,0,12,7,83965
395,0,0,0,0,3,4,0,3353,7,7,0,4627,12,12,0,4406,12,14,0,7811,1,1,0,514,1,1,0,178,17,148,-97,49481,6,6,0,6240,0,0,0,0,0,0,0,0,17,1,76610
396,0,0,0,0,2,4,0,2529,1,1,0,1779,6,12,0,2325,10,16,0,8536,3,3,-178,1989,4,4,0,1597,17,222,0,100161,17,39,-1424,58655,1,1,0,192,2,2,0,2846,17,4,180609
397,2,2,0,1100,0,0,0,0,2,2,-71,1350,0,0,0,0,4,4,0,2046,0,0,0,0,0,0,0,0,6,58,0,18415,5,5,0,3535,0,0,0,0,0,0,0,0,6,41,26446
398,2,3,0,975,2,2,0,1057,4,4,0,2493,5,6,0,1556,8,10,0,5084,2,3,0,530,2,2,0,1155,26,108,0,47650,20,20,0,14185,1,1,0,787,2,2,0,3022,26,8,78494
399,2,2,0,3558,1,1,0,1212,0,0,0,0,1,1,0,621,8,10,0,2340,0,0,0,0,0,0,0,0,15,63,0,12848,15,22,0,18214,0,0,0,0,1,1,0,532,15,2,39325
400,12,20,0,3321,1,1,0,888,0,0,0,0,14,18,0,4197,9,9,0,4320,0,0,0,0,5,5,0,1934,14,216,-374,65348,14,59,-623,33737,1,1,0,7122,0,0,0,0,14,19,120867
401,1,1,0,356,7,14,0,10052,3,3,0,2407,3,3,0,886,8,9,0,3109,2,2,0,1423,1,1,0,443,23,149,0,34391,23,36,0,35935,0,0,0,0,0,0,0,0,23,7,89002
402,2,2,0,1423,2,2,0,486,2,2,0,1777,2,2,0,352,7,7,0,2482,3,3,0,886,1,1,0,336,20,121,0,35632,8,11,0,4669,0,0,0,0,0,0,0,0,20,7,48043
403,2,2,0,1868,0,0,0,0,0,0,0,0,3,3,0,1631,8,10,0,5157,8,9,-97,9164,0,0,0,0,19,162,-89,58172,11,11,0,7522,0,0,0,0,0,0,0,0,19,1,83514
404,1,1,0,1423,2,2,0,1517,1,1,0,354,2,2,0,890,3,3,0,2131,1,1,0,354,0,0,0,0,15,47,-249,24795,14,17,0,11733,3,3,0,1807,1,1,0,888,15,3,45892
405,2,3,0,1366,2,2,0,1496,2,2,0,1955,5,6,0,2126,9,14,0,5539,2,2,0,1421,0,0,0,0,13,161,-53,45142,9,9,0,2680,1,1,0,1779,0,0,0,0,13,7,63504
406,1,1,0,479,4,4,0,2696,0,0,0,0,11,13,0,3029,9,12,0,4448,2,2,0,1155,3,3,0,178,18,161,-908,55118,10,15,-106,6000,1,1,0,265,2,2,0,2667,18,1,76035
407,3,3,0,1332,5,7,0,5367,0,0,0,0,4,4,0,972,14,17,-97,5731,1,1,0,888,1,1,0,318,22,127,-630,45487,10,10,0,3326,0,0,0,0,0,0,0,0,22,10,63421
408,6,7,0,6616,3,4,0,3205,0,0,0,0,5,6,0,2840,11,12,0,7729,3,5,0,2489,1,1,0,229,12,135,0,60133,12,34,0,11786,0,0,0,0,0,0,0,0,12,26,95027
409,0,0,0,0,4,7,0,10985,0,0,0,0,7,9,0,6872,4,8,0,3358,0,0,0,0,0,0,0,0,10,104,0,57745,8,10,0,9977,0,0,0,0,0,0,0,0,10,4,88937
410,3,3,0,2060,2,2,0,1683,4,5,0,3426,3,4,0,1333,7,22,0,9342,4,4,0,1777,0,0,0,0,7,189,0,49282,5,5,0,2165,0,0,0,0,0,0,0,0,7,9,71068
411,5,5,0,3553,4,4,0,2951,2,2,0,1339,13,14,0,5542,9,9,0,3553,1,1,0,710,2,2,0,1456,16,109,0,54687,16,26,0,12807,0,0,0,0,0,0,0,0,16,4,86598
412,9,10,0,5437,3,7,0,3898,3,4,0,3145,5,7,0,2577,6,7,0,4178,5,5,0,19281,4,5,-106,1690,24,135,0,61004,24,27,0,12787,1,1,0,1779,1,1,0,890,24,4,116666
413,6,7,0,2740,1,2,0,3166,0,0,0,0,7,7,0,3640,10,20,0,6486,1,1,0,801,3,4,-178,1382,20,297,-1967,122033,20,32,0,20137,1,1,0,612,2,3,0,2167,20,20,163164
414,3,3,0,1332,1,1,0,1244,1,1,0,1779,8,14,0,5943,8,13,0,9116,5,5,0,14246,4,4,0,2167,8,254,0,103497,8,33,0,18865,1,1,0,888,1,4,0,3554,8,7,162631
415,7,8,0,5262,2,3,0,3716,3,5,0,2846,10,11,0,4559,14,23,0,12262,5,5,0,3909,2,2,0,977,29,317,-712,131109,17,22,0,13028,1,1,0,372,0,0,0,0,29,2,178040
416,1,1,0,888,2,3,0,1700,0,0,0,0,4,6,0,1775,11,18,0,6014,0,0,0,0,1,1,0,354,24,213,-534,42341,4,4,0,2035,0,0,0,0,0,0,0,0,24,3,55107
417,5,6,0,3642,0,0,0,0,1,1,0,888,3,3,0,1276,3,4,0,1743,4,4,0,2682,8,8,0,1424,26,108,-338,35049,26,40,0,21184,4,5,0,2103,0,0,0,0,26,4,69991
418,1,2,0,178,1,1,0,710,1,2,0,2133,8,12,0,4381,9,12,0,6099,1,2,0,890,6,8,0,2320,12,181,-445,52138,4,5,0,1629,0,0,0,0,0,0,0,0,12,10,70478
419,2,2,0,2489,1,1,0,714,5,6,0,3168,4,4,0,1973,6,9,0,3807,3,3,0,2149,7,11,0,3214,12,89,-178,31713,8,8,0,4228,0,0,0,0,1,1,0,1423,12,3,54878
420,0,0,0,0,3,6,0,4748,0,0,0,0,4,4,0,1079,11,13,0,7198,2,2,0,1278,3,3,0,1054,13,103,0,72552,13,20,0,10789,0,0,0,0,1,1,0,2135,13,6,100833
421,1,1,0,532,0,0,0,0,0,0,0,0,0,0,0,0,5,11,0,4254,0,0,0,0,0,0,0,0,5,107,0,47559,5,15,0,7419,3,3,0,1782,0,0,0,0,5,43,61546
422,4,6,0,1166,3,4,0,2648,2,3,0,1065,5,6,0,2350,2,2,0,1243,3,3,0,3200,1,1,0,710,15,81,0,39113,15,20,0,15936,0,0,0,0,0,0,0,0,15,8,67431
423,3,3,0,3202,0,0,0,0,0,0,0,0,1,1,0,532,1,1,0,354,1,1,0,425,0,0,0,0,11,28,0,9113,9,9,0,3674,1,1,0,445,0,0,0,0,11,38,17745
424,0,0,0,0,0,0,0,0,1,1,0,1066,1,1,0,532,2,3,0,1870,0,0,0,0,1,1,0,443,7,19,0,11051,3,3,0,4055,1,1,0,8012,0,0,0,0,7,40,27029
425,3,3,0,585,3,8,0,4985,0,0,0,0,0,0,0,0,0,0,0,0,0,0,0,0,0,0,0,0,9,38,0,16557,5,5,0,3766,0,0,0,0,0,0,0,0,9,42,25893
426,2,2,0,710,0,0,0,0,2,2,0,598,3,4,0,2044,3,3,0,2506,0,0,0,0,0,0,0,0,13,51,-133,18582,5,5,0,2222,3,3,0,2078,0,0,0,0,13,17,28740
427,5,5,0,1861,6,6,0,4694,1,1,0,1244,18,22,0,9508,11,12,0,6929,3,3,0,2089,1,1,0,623,24,121,0,51433,23,30,0,20007,1,1,0,559,4,4,0,3025,24,4,101972
428,3,3,0,1154,5,5,0,3716,1,1,0,1601,9,23,0,4379,4,4,0,2185,8,8,0,6220,3,3,0,2309,9,130,0,44168,9,22,0,11282,0,0,0,0,0,0,0,0,9,2,77014
429,1,1,0,532,3,4,0,1948,2,2,0,1602,6,7,0,1764,6,6,0,4136,0,0,0,0,0,0,0,0,17,129,0,37242,17,24,0,7170,0,0,0,0,0,0,0,0,17,6,54394
430,9,10,0,4759,1,1,0,933,1,1,0,710,4,5,0,1385,9,10,0,4979,8,9,0,4730,1,1,0,710,38,89,0,46598,27,28,0,19423,1,1,0,277,0,0,0,0,38,1,84504
431,2,3,0,1045,2,3,0,2057,1,1,0,356,3,3,0,1652,2,2,0,1155,2,2,0,2315,0,0,0,0,12,66,0,34139,11,13,0,6443,0,0,0,0,0,0,0,0,12,6,49162
432,0,0,0,0,3,4,0,2130,4,4,0,2787,2,3,0,1512,7,11,0,5209,1,1,0,514,1,1,0,297,14,146,0,48892,10,10,0,8753,0,0,0,0,0,0,0,0,14,28,70094
433,3,3,0,1170,1,2,0,1572,0,0,0,0,5,5,0,2368,3,4,0,2753,3,3,0,1508,2,2,0,815,6,91,0,29470,6,14,0,6958,0,0,0,0,0,0,0,0,6,43,46614
434,4,4,0,1560,1,1,0,553,1,1,0,267,5,5,0,2042,4,5,0,2557,4,5,-97,2553,2,2,0,833,15,108,-427,41600,6,9,0,4388,0,0,0,0,1,1,0,888,15,2,57241
435,0,0,0,0,0,0,0,0,0,0,0,0,1,1,0,229,2,3,0,1246,0,0,0,0,1,1,0,309,7,127,0,48491,7,16,0,12596,0,0,0,0,0,0,0,0,7,38,62871
436,1,1,0,710,2,2,0,2155,1,1,0,2135,3,3,0,1065,4,6,0,2598,2,3,0,2007,2,2,0,317,16,59,0,27302,7,10,0,6714,0,0,0,0,0,0,0,0,16,6,45003
437,6,11,0,1068,1,2,0,961,0,0,0,0,3,10,0,2124,3,3,0,2222,1,1,0,710,6,6,0,2219,22,95,0,35798,9,10,0,6945,1,1,0,265,1,1,0,1601,22,7,53913
438,2,3,0,1419,0,0,0,0,0,0,0,0,3,3,0,1601,0,0,0,0,17,22,0,12124,6,8,0,2764,17,347,0,104309,17,30,0,20962,0,0,0,0,0,0,0,0,17,1,143179
439,0,0,0,0,3,3,0,1991,3,3,0,1563,1,1,0,176,9,17,0,6279,1,1,0,5341,0,0,0,0,26,84,0,29764,16,19,0,9186,0,0,0,0,0,0,0,0,26,2,54300
440,5,5,0,4123,3,4,0,4644,0,0,0,0,7,8,0,2712,8,18,0,12332,4,4,-178,4596,1,1,0,443,8,232,-48,69967,8,12,0,5574,0,0,0,0,1,1,0,890,8,27,105281
441,3,3,0,3716,1,1,0,2634,2,2,0,610,6,7,0,2521,5,10,0,3914,3,3,0,3360,0,0,0,0,6,72,0,38442,6,6,0,6605,0,0,0,0,0,0,0,0,6,4,61802
442,1,1,0,1779,1,1,0,573,3,3,0,2673,9,10,0,2391,4,7,0,4584,0,0,0,0,5,5,0,2397,15,34,0,7677,9,9,0,4431,0,0,0,0,0,0,0,0,15,8,26505
443,1,1,0,1779,5,10,0,5309,1,1,0,356,1,1,0,267,10,12,0,8299,0,0,0,0,0,0,0,0,10,100,0,30040,10,14,0,6961,0,0,0,0,0,0,0,0,10,16,53011
444,4,4,0,2486,0,0,0,0,0,0,0,0,3,3,0,938,3,3,0,1335,0,0,0,0,0,0,0,0,14,41,0,13444,14,19,0,21820,0,0,0,0,0,0,0,0,14,5,40023
445,4,4,0,2308,1,2,0,1456,1,1,0,283,5,6,0,1455,6,7,0,3446,6,6,0,4443,2,2,0,942,18,261,-222,163069,17,18,0,13920,1,1,0,767,0,0,0,0,18,24,192089
446,1,1,0,532,2,2,0,3334,4,5,0,2769,2,4,0,1243,6,21,0,11569,4,4,0,1417,0,0,0,0,6,78,0,19418,4,4,0,2434,0,0,0,0,0,0,0,0,6,31,42716
447,2,2,0,1155,3,3,0,4126,0,0,0,0,5,5,0,2927,10,14,0,8513,3,3,0,4995,4,4,0,1756,11,158,-568,66297,11,34,-133,14349,3,4,0,2495,1,1,0,532,11,7,107145
448,4,4,0,1296,10,11,0,12447,2,3,0,2593,30,42,0,13024,15,20,0,11417,12,17,0,12258,5,7,0,3432,30,259,-329,121941,30,66,-178,36127,1,1,0,532,1,1,0,888,30,1,215955
449,2,4,0,949,1,2,0,1697,1,1,0,888,9,21,0,4803,8,10,0,7074,1,1,0,1066,1,2,0,530,13,195,0,80023,13,24,0,28127,0,0,0,0,0,0,0,0,13,10,125157
450,16,21,0,3987,3,4,0,3964,0,0,0,0,16,35,0,10283,4,6,0,3699,7,7,0,4201,10,13,0,5043,16,217,-356,79886,10,12,0,4151,0,0,0,0,1,1,0,1781,16,5,116995
451,3,3,0,1597,5,5,0,4676,1,1,0,799,5,7,0,3109,13,17,0,11426,0,0,0,0,0,0,0,0,19,233,0,103602,19,85,-336,49837,1,1,0,1280,0,0,0,0,19,5,176326
452,0,0,0,0,0,0,0,0,0,0,0,0,0,0,0,0,0,0,0,0,0,0,0,0,0,0,0,0,0,0,0,0,0,0,0,0,0,0,0,0,0,0,0,0,0,0,0
453,1,1,0,390,1,3,0,1773,1,1,0,933,9,13,-178,4598,1,2,0,1777,2,3,0,3221,5,8,0,2805,25,104,0,45995,14,21,0,8317,1,1,0,653,1,1,0,532,25,2,70994
454,0,0,0,0,4,4,0,4749,2,3,0,3734,10,11,0,4901,2,2,0,890,2,2,0,1955,5,6,0,2894,10,151,-267,65015,10,27,0,36350,1,1,0,488,5,6,0,7683,10,7,128659
455,3,3,0,974,2,2,0,1332,5,5,0,3998,11,20,0,5813,3,3,0,3022,3,3,0,2178,11,12,0,9275,11,133,0,48941,10,10,0,6933,0,0,0,0,1,2,0,1244,11,5,83710
456,1,1,0,710,4,4,0,4053,1,1,0,714,4,5,0,3499,6,7,0,4359,1,1,-178,390,0,0,0,0,9,156,0,53032,9,21,0,15455,0,0,0,0,0,0,0,0,9,40,82212
457,5,5,0,2361,7,15,0,10874,0,0,0,0,9,9,0,3371,12,25,0,13287,2,2,0,780,0,0,0,0,12,248,-445,83396,12,44,0,28969,0,0,0,0,1,2,0,890,12,3,143928
458,2,2,0,708,3,4,0,2842,7,8,0,6562,7,7,0,4967,6,8,0,4681,2,2,0,886,16,22,0,8919,16,207,0,75858,16,16,0,12595,4,6,0,4431,0,0,0,0,16,7,122449
459,2,2,0,2133,1,1,0,840,0,0,0,0,3,3,0,1451,9,10,0,6327,0,0,0,0,2,3,0,1027,18,101,0,45840,6,7,0,3907,0,0,0,0,0,0,0,0,18,3,61525
460,4,13,0,1900,7,7,0,4267,0,0,0,0,2,3,0,1243,7,8,0,3788,3,3,0,1829,1,1,0,443,30,152,-249,53278,30,44,0,25895,0,0,0,0,0,0,0,0,30,1,92643
461,3,3,0,2274,2,2,0,1175,0,0,0,0,3,3,0,1243,6,6,0,2919,0,0,0,0,0,0,0,0,10,197,-133,70938,10,16,0,7408,1,1,0,211,0,0,0,0,10,3,86168
462,3,3,0,5622,3,3,0,2128,2,3,0,1960,3,12,0,4507,3,10,0,5403,0,0,0,0,1,1,0,532,3,91,0,25865,3,6,0,3269,0,0,0,0,0,0,0,0,3,32,49286
463,1,1,0,532,2,2,0,1439,0,0,0,0,1,1,0,192,7,10,0,7107,0,0,0,0,0,0,0,0,18,64,0,30665,3,3,0,1082,0,0,0,0,0,0,0,0,18,4,41017
464,5,13,0,1957,15,19,0,14077,3,5,0,3378,19,20,0,9086,5,8,0,3218,5,5,0,3253,24,36,0,10119,29,331,-89,150317,8,10,0,6646,0,0,0,0,1,1,0,712,29,2,202763
465,0,0,0,0,0,0,0,0,0,0,0,0,1,1,0,176,7,7,0,3408,0,0,0,0,0,0,0,0,31,93,-356,26833,31,83,0,45308,1,1,0,178,0,0,0,0,31,1,75903
466,3,3,0,1512,1,1,0,509,8,8,0,3483,3,3,0,1488,10,17,0,5483,2,2,0,1296,0,0,0,0,10,108,-623,36510,10,17,0,9565,2,2,0,1991,0,0,0,0,10,5,61837
467,4,5,0,1542,5,6,0,3150,2,2,0,1405,5,5,0,1364,3,5,0,1651,1,1,0,710,1,1,0,176,16,41,-62,9941,5,7,0,1540,0,0,0,0,1,1,0,1601,16,4,23080
468,1,1,0,267,0,0,0,0,2,2,0,1456,3,3,0,1187,4,4,-97,1928,1,1,0,354,0,0,0,0,8,56,0,16516,4,4,0,1025,0,0,0,0,0,0,0,0,8,4,22733
469,3,4,0,1223,4,4,0,2142,3,3,0,3556,7,8,0,5845,3,5,0,2133,5,5,0,5690,4,42,0,9572,14,101,-222,55536,14,32,0,27779,2,2,0,2274,1,1,0,4094,14,28,119844
470,0,0,0,0,2,2,0,895,0,0,0,0,3,3,0,1029,1,5,0,703,1,1,0,1779,0,0,0,0,8,48,0,20419,7,7,0,8272,0,0,0,0,0,0,0,0,8,44,33097
471,4,7,0,1305,3,3,0,1237,1,1,0,888,6,11,0,3959,3,5,0,1512,1,1,0,178,3,3,0,534,6,198,-578,71884,6,11,0,3278,2,2,0,530,0,0,0,0,6,33,85305
472,11,14,0,5143,7,10,0,5692,4,7,0,4137,31,87,0,22805,25,38,0,23998,4,4,-178,2569,3,7,0,3162,31,483,-890,130579,31,36,0,16410,1,1,0,710,0,0,0,0,31,1,215205
473,5,5,0,5556,5,7,0,5686,4,4,0,4073,8,38,0,17939,8,13,0,6399,8,8,0,5957,6,6,0,3871,8,293,0,102761,8,24,0,14370,2,2,0,2204,1,1,0,532,8,13,169348
474,4,5,0,1259,0,0,0,0,0,0,0,0,5,19,0,6397,5,6,0,2543,3,3,0,1601,5,19,0,9847,5,81,0,28624,5,5,0,4480,0,0,0,0,1,1,0,532,5,9,55283
475,1,1,0,229,2,2,0,1631,0,0,0,0,1,1,0,532,4,4,0,3237,0,0,0,0,0,0,0,0,8,45,0,17704,8,19,0,9020,0,0,0,0,1,2,0,2846,8,11,35199
476,0,0,0,0,4,5,0,15731,2,2,0,1278,3,3,0,1116,2,4,0,2130,1,2,0,1029,0,0,0,0,14,104,0,30645,4,5,0,799,0,0,0,0,0,0,0,0,14,3,52728
477,2,3,0,564,2,2,0,1540,0,0,0,0,4,4,0,1520,2,3,0,1278,2,2,0,1244,1,1,0,297,9,87,0,33708,9,17,0,12858,1,1,0,888,0,0,0,0,9,18,53897
478,16,16,0,9065,5,6,0,4040,0,0,0,0,17,23,0,9043,1,1,0,710,7,7,0,5986,4,5,0,2951,17,245,-133,100705,17,141,-712,65504,1,1,0,1155,2,3,0,1900,17,4,201059
479,1,1,0,407,3,5,0,2324,3,3,0,2151,8,11,0,3670,5,8,0,4448,7,7,-160,4099,13,20,-195,10103,13,136,-2039,55080,13,18,-1561,15863,1,1,0,354,1,1,0,890,13,7,99389
480,9,10,0,5307,5,6,0,11384,17,20,0,13683,33,45,0,19872,33,41,0,18611,2,2,0,1268,6,7,0,2792,33,350,0,106849,33,55,0,32729,1,1,0,265,5,6,0,6578,33,1,219338
481,4,5,0,4443,0,0,0,0,0,0,0,0,3,3,0,976,12,15,0,10269,0,0,0,0,0,0,0,0,23,130,0,35536,12,17,0,4163,0,0,0,0,0,0,0,0,23,4,55387
482,1,2,0,119,1,1,0,778,0,0,0,0,3,3,0,1463,10,10,0,2961,2,2,0,833,13,13,0,6242,21,50,-133,13640,16,18,-176,8108,2,2,0,708,1,1,0,461,21,18,35313
483,3,3,0,2292,5,7,0,7608,4,5,0,3949,9,13,0,4425,9,15,0,9179,1,1,0,354,4,4,0,1296,9,239,-623,91774,9,81,0,60284,2,3,0,1989,1,1,0,1423,9,12,184573
484,0,0,0,0,0,0,0,0,0,0,0,0,0,0,0,0,6,11,0,8837,0,0,0,0,0,0,0,0,6,111,0,45274,6,6,0,6632,1,1,0,283,0,0,0,0,6,39,61026
485,1,1,0,461,3,3,0,3097,3,3,0,2981,3,3,0,1775,4,4,0,2539,0,0,0,0,4,7,0,2915,4,99,0,39776,4,26,0,16324,0,0,0,0,0,0,0,0,4,14,69868
486,5,6,0,2452,2,3,0,2464,1,2,0,1421,8,9,0,3494,7,8,0,3554,2,2,0,815,1,1,0,445,27,147,0,57744,27,81,-97,46727,0,0,0,0,1,1,0,2313,27,5,121429
487,2,3,0,992,2,4,0,1595,0,0,0,0,3,3,0,1953,3,4,0,2846,2,3,0,710,2,2,0,886,11,81,-712,26579,9,10,0,4929,0,0,0,0,0,0,0,0,11,38,40490
488,0,0,0,0,0,0,0,0,0,0,0,0,0,0,0,0,0,0,0,0,0,0,0,0,0,0,0,0,0,0,0,0,0,0,0,0,0,0,0,0,0,0,0,0,0,0,0
489,6,9,0,3378,0,0,0,0,1,1,0,1423,1,1,0,265,4,5,0,1992,2,2,0,1065,0,0,0,0,16,105,0,27658,16,32,0,16851,0,0,0,0,2,2,0,1421,16,1,54053
490,9,14,0,4824,3,4,0,5690,1,1,0,532,9,47,0,14287,9,21,0,10855,5,5,0,4445,1,1,0,496,9,380,0,124116,9,28,0,14755,0,0,0,0,0,0,0,0,9,5,180000
491,6,8,0,2927,2,4,0,1020,0,0,0,0,4,4,0,1008,8,9,0,4714,2,2,0,828,2,2,0,675,16,69,0,20899,16,21,0,11690,0,0,0,0,0,0,0,0,16,2,43761
492,2,3,0,1191,2,2,0,13352,1,2,0,1065,10,12,0,5102,4,6,0,2846,0,0,0,0,4,5,0,1757,11,167,-1220,50867,9,11,0,5663,1,1,0,585,1,1,0,1781,11,8,84209
493,2,2,0,3202,2,3,0,2099,1,1,0,888,6,6,0,2024,5,8,0,4651,3,3,0,14098,0,0,0,0,16,180,-178,60326,5,5,0,4356,0,0,0,0,0,0,0,0,16,3,91644
494,1,1,0,888,2,2,0,2945,0,0,0,0,2,2,0,886,5,7,0,4849,2,2,0,799,0,0,0,0,5,58,-97,20643,3,8,0,7216,0,0,0,0,0,0,0,0,5,40,38226
495,1,1,0,283,0,0,0,0,0,0,0,0,6,7,0,2879,8,17,0,8091,1,1,0,1244,0,0,0,0,9,42,0,17199,7,8,0,4461,0,0,0,0,1,1,0,1601,9,28,35758
496,1,1,0,585,0,0,0,0,0,0,0,0,5,6,0,2290,2,2,0,959,1,1,0,1066,2,2,0,975,9,51,0,19227,6,6,0,8110,3,3,0,2268,0,0,0,0,9,42,35480
497,2,3,0,869,0,0,0,0,0,0,0,0,13,18,0,4936,2,2,0,1777,13,17,0,13941,0,0,0,0,13,121,-2028,62335,9,12,-705,2869,0,0,0,0,1,1,0,1601,13,1,88328
498,4,6,0,1688,1,1,0,1439,3,3,0,1278,6,11,0,3690,13,24,0,15660,2,2,0,388,0,0,0,0,13,186,0,48277,11,15,0,9403,0,0,0,0,0,0,0,0,13,34,81823
499,0,0,0,0,0,0,0,0,0,0,0,0,1,1,0,532,2,3,0,1775,0,0,0,0,2,10,0,1781,2,89,0,32937,2,5,0,2187,0,0,0,0,0,0,0,0,2,56,39212
500,3,3,0,1068,0,0,0,0,1,1,0,1155,6,6,0,2938,6,6,0,4570,1,1,0,598,0,0,0,0,12,119,0,38221,12,23,0,18871,1,1,0,710,0,0,0,0,12,36,68131
501,1,1,0,621,1,1,0,995,0,0,0,0,1,1,0,156,0,0,0,0,0,0,0,0,0,0,0,0,12,52,0,25218,12,44,0,37065,3,3,0,1928,0,0,0,0,12,9,65983
502,5,5,0,2573,1,1,0,1430,1,1,0,390,4,9,0,2756,1,1,0,781,4,5,0,2486,5,5,0,3285,11,27,0,16563,11,13,0,13143,0,0,0,0,0,0,0,0,11,3,43407
503,1,1,0,178,1,1,0,1120,0,0,0,0,2,2,0,546,1,2,0,799,0,0,0,0,0,0,0,0,9,16,-71,4883,2,2,0,354,0,0,0,0,0,0,0,0,9,39,7880
504,1,1,0,710,2,2,0,2082,6,9,0,5665,5,6,0,1946,9,11,0,8228,7,8,0,3391,0,0,0,0,11,190,0,55079,11,12,0,7524,0,0,0,0,1,1,0,532,11,2,85157
505,0,0,0,0,1,1,0,995,2,2,0,1650,6,15,0,2955,3,3,0,2719,1,1,0,347,0,0,0,0,6,143,0,52455,6,7,0,2065,0,0,0,0,0,0,0,0,6,8,63186
506,1,4,0,356,3,3,0,2806,0,0,0,0,2,2,0,1065,13,29,0,10393,0,0,0,0,1,1,0,534,13,64,0,21001,3,4,0,707,2,2,0,1284,0,0,0,0,13,3,38146
507,5,7,0,1510,2,2,0,949,4,4,0,6760,12,14,0,5276,6,6,0,2755,4,4,0,1837,8,8,0,4977,12,197,-178,59411,7,7,0,3654,1,1,0,532,0,0,0,0,12,3,87661
508,2,2,0,9079,1,1,0,959,3,3,0,2062,6,8,0,2983,6,8,0,5187,1,1,0,1244,0,0,0,0,6,200,0,68026,6,69,0,12579,0,0,0,0,0,0,0,0,6,11,102119
509,0,4,0,3198,0,2,0,1841,0,1,0,443,0,9,0,3654,0,6,0,4979,0,1,0,445,0,7,0,3816,0,153,0,60667,0,7,0,2281,0,0,0,0,0,0,0,0,0,12,81324
510,2,2,0,673,0,0,0,0,0,0,0,0,5,6,0,1415,0,0,0,0,0,0,0,0,3,3,0,1155,8,19,-213,6181,3,3,0,3431,0,0,0,0,0,0,0,0,8,29,12855
511,0,0,0,0,0,0,0,0,0,0,0,0,0,0,0,0,1,2,0,1068,0,0,0,0,0,0,0,0,3,51,0,20730,2,2,0,940,0,0,0,0,0,0,0,0,3,54,22738
512,5,6,0,2781,2,3,0,3202,2,2,0,1510,5,5,0,1950,13,15,0,8922,5,5,0,4000,2,2,0,798,13,248,-578,95819,13,23,0,21368,1,1,0,1738,1,1,0,890,13,17,142978
513,10,10,0,9476,4,6,0,3695,0,0,0,0,3,3,0,1456,21,31,0,13312,3,3,0,3912,0,0,0,0,21,242,-445,74593,21,48,0,25495,1,1,0,3560,1,1,0,1779,21,5,137278
514,4,4,0,1900,4,5,0,3545,3,3,0,1667,4,7,0,901,8,8,0,5722,0,0,0,0,3,3,0,1309,8,230,0,61133,8,20,0,7294,3,3,0,1918,0,0,0,0,8,18,85389
515,6,7,0,4885,1,1,0,169,2,2,0,1424,3,3,0,1205,3,3,0,1597,3,3,0,5515,1,1,0,105,11,73,0,24700,3,4,0,2112,1,1,0,3560,0,0,0,0,11,2,45272
516,0,0,0,0,7,8,0,5809,2,3,0,1779,15,16,0,8680,8,12,0,5244,4,4,-178,1613,10,12,0,9040,18,170,0,97397,12,14,0,15079,0,0,0,0,0,0,0,0,18,7,144641
517,1,1,0,229,3,3,0,1766,3,3,0,2309,8,8,0,2672,2,3,0,1235,0,0,0,0,4,4,0,2321,13,92,-133,28243,13,14,-178,3009,1,1,0,692,0,0,0,0,13,17,42476
518,3,3,0,3342,3,4,0,2780,5,6,0,5825,23,23,0,10416,7,8,0,3729,6,7,0,4569,1,1,0,532,23,279,-267,92302,23,34,-178,20419,2,2,0,794,0,0,0,0,23,2,144708
519,8,8,0,6342,1,1,0,616,4,4,0,2377,6,8,0,2491,5,7,0,3790,2,2,0,977,7,8,0,4814,14,93,0,28091,8,8,0,4369,0,0,0,0,0,0,0,0,14,7,53867
520,8,9,0,3545,3,3,0,2582,1,1,0,354,6,7,0,2819,15,20,0,12326,3,3,0,1957,1,1,0,532,25,204,-195,62636,20,24,0,46884,0,0,0,0,1,1,0,2313,25,7,135948
521,2,2,0,2133,1,1,0,534,0,0,0,0,0,0,0,0,0,0,0,0,0,0,0,0,0,0,0,0,14,141,-2945,46561,14,29,-133,8949,0,0,0,0,0,0,0,0,14,2,58177
522,1,1,0,354,0,0,0,0,0,0,0,0,1,1,0,176,3,3,0,1528,0,0,0,0,0,0,0,0,6,48,0,10814,4,4,0,1241,1,1,0,505,0,0,0,0,6,44,14618
523,5,16,-121,3734,3,3,0,2105,1,1,0,977,20,29,-71,11241,20,27,-178,16550,3,3,0,4090,2,2,0,801,20,292,-5295,123443,20,36,-89,25028,0,0,0,0,2,3,0,3734,20,3,191703
524,2,2,0,5339,2,2,0,1456,0,0,0,0,9,9,-178,4439,9,17,-178,8552,2,2,-178,979,1,1,0,621,9,173,-1378,76522,7,10,0,6764,1,1,0,1772,1,1,0,888,9,12,107332
525,2,2,0,1350,3,4,0,3287,0,0,0,0,6,6,0,2860,11,20,0,12726,4,5,0,2879,0,0,0,0,11,128,0,73129,11,22,0,9339,1,1,0,977,0,0,0,0,11,9,106547
526,5,5,0,5868,2,3,0,1592,4,6,0,3205,5,6,0,1506,11,14,0,6367,4,4,0,1232,0,0,0,0,14,102,-445,33496,5,7,0,1316,0,0,0,0,0,0,0,0,14,2,54582
527,5,5,0,6315,3,3,0,2295,1,1,0,505,6,7,0,1398,6,26,0,10513,2,2,0,1421,2,2,0,890,6,270,-979,82816,6,10,0,2112,1,1,0,585,0,0,0,0,6,10,108850
528,1,2,0,356,5,7,0,5179,0,0,0,0,8,8,0,2935,11,11,0,6172,0,0,0,0,0,0,0,0,16,215,-534,77827,12,12,0,1848,0,0,0,0,0,0,0,0,16,4,94317
529,2,3,0,1244,4,4,0,4869,3,3,0,1601,7,8,0,1884,17,23,0,11027,1,1,0,710,3,3,-356,1918,17,296,-801,89869,6,6,0,3355,1,1,0,398,1,1,0,532,17,5,117407
530,5,6,0,1991,4,7,0,5097,4,4,0,3554,8,8,0,3107,11,36,0,20996,2,2,0,876,0,0,0,0,11,58,0,24328,11,17,0,8696,2,2,0,356,0,0,0,0,11,35,69001
531,2,2,0,833,1,1,0,1325,6,15,0,37007,1,1,0,781,6,6,0,3147,1,1,0,899,1,1,0,443,6,24,-71,12051,6,7,0,2395,0,0,0,0,0,0,0,0,6,27,58881
532,0,0,0,0,1,2,0,906,3,3,0,1960,1,2,0,352,3,9,0,1586,0,0,0,0,0,0,0,0,3,39,-445,13184,0,0,0,0,0,0,0,0,0,0,0,0,3,52,17988
533,0,0,0,0,0,0,0,0,0,0,0,0,0,0,0,0,0,0,0,0,0,0,0,0,0,0,0,0,0,0,0,0,0,0,0,0,0,0,0,0,0,0,0,0,0,0,0
534,0,0,0,0,1,2,0,1145,0,0,0,0,4,4,0,1738,2,4,0,705,0,0,0,0,5,5,0,2220,10,31,0,8208,2,3,0,1065,0,0,0,0,0,0,0,0,10,40,15081
535,7,8,0,2106,4,5,0,3642,5,6,0,3444,12,15,0,6580,11,14,0,6489,5,5,0,3113,2,2,0,1065,24,292,-258,163041,21,27,0,20394,0,0,0,0,2,2,0,2489,24,12,212363
536,0,0,0,0,0,0,0,0,0,0,0,0,4,6,0,1665,0,0,0,0,4,4,0,3017,1,1,0,318,4,13,-89,6621,1,1,0,1066,1,1,0,496,0,0,0,0,4,12,13183
537,2,2,0,924,2,2,0,3490,2,3,0,1244,7,22,0,7608,7,24,0,15719,2,2,0,1510,2,2,0,1171,7,304,0,88649,7,22,0,15191,1,1,0,354,2,2,0,2313,7,14,138173
538,22,32,0,13962,4,9,0,4493,4,5,0,6986,24,55,0,20253,10,12,0,4985,23,25,0,18022,24,42,0,26016,24,361,-178,156246,24,126,0,98520,4,4,0,3004,2,2,0,2062,24,5,354549
539,5,6,0,1722,1,3,0,2242,0,0,0,0,2,2,0,764,2,3,0,1565,2,2,0,1421,4,5,0,1332,13,66,-1050,23391,13,19,0,12133,1,1,0,1047,0,0,0,0,13,2,45617
540,3,4,0,6066,0,0,0,0,1,1,0,710,8,28,-534,8899,8,10,-213,4940,3,3,0,1597,7,7,0,3483,8,160,-5877,67178,8,36,-2821,28420,1,1,0,1138,1,1,0,710,8,13,123141
541,2,2,0,1029,3,4,0,2853,2,2,0,1150,4,4,0,1330,26,28,0,17184,3,3,0,6317,1,1,0,354,29,309,0,121020,29,49,0,35931,1,1,0,1193,0,0,0,0,29,1,188361
542,10,16,0,2142,2,2,0,853,1,1,0,301,5,14,0,2801,10,12,0,6010,2,9,0,3670,4,4,0,1071,25,220,0,78899,25,42,0,24370,2,2,0,851,0,0,0,0,25,2,120968
543,7,7,0,5793,1,1,0,518,0,0,0,0,3,4,0,904,6,7,0,2578,2,2,0,1421,0,0,0,0,18,82,-133,31651,13,14,0,6101,1,1,0,1066,0,0,0,0,18,7,50032
544,2,2,0,815,5,6,0,5677,0,0,0,0,5,11,0,5773,3,3,0,1918,3,3,0,2363,5,17,0,8425,5,165,0,46747,5,18,0,10794,0,0,0,0,2,2,0,1955,5,10,84467
545,2,2,0,708,7,10,0,8308,2,3,0,1529,4,4,0,1350,7,27,0,11252,1,1,0,1066,0,0,0,0,7,143,0,34387,7,12,0,6926,0,0,0,0,0,0,0,0,7,4,65526
546,3,5,0,2486,2,4,0,2678,2,2,0,1428,6,8,0,2575,5,13,0,4539,3,4,0,1788,1,1,0,623,15,264,-276,70785,15,52,0,21467,1,1,0,176,0,0,0,0,15,12,108545
547,2,2,0,1278,1,1,0,1120,1,1,0,584,2,4,0,708,4,5,0,3556,2,3,0,2131,0,0,0,0,11,132,-133,59045,11,52,0,27035,1,1,0,746,0,0,0,0,11,27,96203
548,1,2,0,267,0,0,0,0,1,1,0,443,5,10,0,2956,5,18,0,6383,2,2,0,1599,0,0,0,0,5,98,0,27714,0,0,0,0,0,0,0,0,0,0,0,0,5,45,39362
549,5,7,0,1610,3,5,0,6402,1,1,0,870,12,20,0,6416,11,11,0,6571,4,4,0,2415,4,4,0,2352,12,172,-480,66578,12,33,-133,22899,6,6,0,6758,0,0,0,0,12,7,122871
550,0,0,0,0,0,0,0,0,0,0,0,0,0,0,0,0,0,0,0,0,0,0,0,0,0,0,0,0,1,6,0,2402,0,0,0,0,0,0,0,0,0,0,0,0,1,45,2402
551,0,0,0,0,1,1,0,1367,0,0,0,0,0,0,0,0,0,0,0,0,0,0,0,0,0,0,0,0,1,25,0,10839,1,8,-178,3134,0,0,0,0,0,0,0,0,1,45,15340
552,6,7,0,5716,12,19,0,10981,0,0,0,0,16,20,0,6757,1,1,0,532,2,2,0,2133,2,2,0,835,34,69,0,34004,17,24,0,13072,2,2,0,1241,1,1,0,1601,34,1,76872
553,0,0,0,0,3,6,0,2632,4,7,0,3168,6,11,0,3992,8,12,0,6696,0,0,0,0,3,3,0,1490,21,232,0,79585,18,19,0,10367,1,1,0,890,0,0,0,0,21,1,108820
554,0,0,0,0,1,1,0,1280,0,0,0,0,3,3,0,1510,7,8,0,3873,0,0,0,0,8,32,0,8417,8,143,0,39826,7,7,0,4181,0,0,0,0,0,0,0,0,8,41,59087
555,1,1,0,1244,0,0,0,0,0,0,0,0,2,2,0,801,1,2,0,1065,0,0,0,0,0,0,0,0,10,35,0,14995,10,19,0,26264,1,1,0,496,2,2,0,4092,10,15,48957
556,1,1,0,2491,0,0,0,0,0,0,0,0,2,2,0,1332,4,5,0,4614,2,2,0,1244,10,11,0,3674,21,110,0,51784,18,21,0,14010,1,1,0,888,1,1,0,710,21,6,80747
557,0,0,0,0,1,1,0,698,0,0,0,0,6,8,0,3713,0,0,0,0,6,6,0,3907,7,8,0,4366,16,171,0,54596,6,7,0,4208,1,1,0,354,0,0,0,0,16,3,71842
558,2,2,0,1155,2,2,0,2473,6,6,0,5337,5,7,0,2212,6,8,0,3736,5,7,0,4885,0,0,0,0,24,218,-578,67784,24,39,-391,24547,6,6,0,6787,0,0,0,0,24,2,118916
559,1,3,0,178,4,4,0,1788,3,3,0,2391,6,6,0,1647,7,8,0,4356,3,3,0,2605,1,1,0,532,11,60,0,21737,2,2,0,726,0,0,0,0,0,0,0,0,11,5,35960
560,0,0,0,0,2,4,0,2990,0,0,0,0,0,0,0,0,0,0,0,0,0,0,0,0,0,0,0,0,6,29,0,10358,6,15,0,10500,0,0,0,0,0,0,0,0,6,48,23848
561,1,11,0,5127,1,4,0,2062,1,2,0,1871,1,8,0,2042,1,2,0,890,0,0,0,0,1,1,0,354,1,8,0,3724,1,3,0,247,0,0,0,0,0,0,0,0,1,58,16317
562,0,0,0,0,0,0,0,0,0,0,0,0,0,0,0,0,0,0,0,0,2,2,0,356,2,2,0,356,9,83,0,15421,1,1,0,133,0,0,0,0,0,0,0,0,9,42,16266
563,0,0,0,0,0,0,0,0,0,0,0,0,1,1,0,176,1,1,0,675,1,1,0,356,0,0,0,0,6,18,0,5011,6,7,0,6589,1,1,0,320,0,0,0,0,6,38,13127
564,0,0,0,0,0,0,0,0,0,0,0,0,1,1,0,356,0,0,0,0,0,0,0,0,0,0,0,0,3,7,0,5150,3,15,0,6406,0,0,0,0,0,0,0,0,3,51,11912
565,0,0,0,0,2,2,0,1052,3,3,0,2666,4,5,0,1697,8,8,0,6808,6,9,0,3610,3,4,0,1560,12,244,-445,81714,12,22,0,11337,2,2,0,1065,0,0,0,0,12,11,111509
566,3,3,0,1383,1,1,0,917,0,0,0,0,2,4,0,1068,3,3,0,1597,1,1,0,532,0,0,0,0,10,63,0,17758,10,18,0,12712,0,0,0,0,0,0,0,0,10,38,35967
567,2,2,0,637,3,6,0,2860,4,5,0,4221,3,4,0,1168,6,8,0,5387,3,3,0,1063,0,0,0,0,26,103,0,28052,7,7,0,5357,0,0,0,0,0,0,0,0,26,2,48745
568,1,1,0,781,1,1,0,888,2,3,0,2767,4,5,0,1688,4,5,0,4498,1,1,0,710,0,0,0,0,9,97,0,34850,6,7,0,5175,1,1,0,532,0,0,0,0,9,16,51889
569,15,16,0,6014,9,11,0,8908,2,3,0,2131,19,41,0,17020,19,22,0,17478,19,22,0,14832,8,9,0,3177,19,348,0,158499,19,96,0,43500,2,2,0,2126,1,1,0,712,19,3,274397
570,0,0,0,0,5,9,0,3871,0,0,0,0,17,20,0,3891,3,3,0,890,0,0,0,0,0,0,0,0,20,45,0,14812,7,7,0,5930,3,3,0,1068,0,0,0,0,20,6,30462
571,0,0,0,0,2,9,0,4956,1,3,0,534,0,0,0,0,2,17,0,5385,0,0,0,0,0,0,0,0,2,20,0,4878,2,8,0,847,0,0,0,0,0,0,0,0,2,38,16600
572,1,3,0,2489,1,1,0,760,0,0,0,0,0,0,0,0,1,6,0,3136,1,3,0,582,0,0,0,0,1,19,-89,7982,1,6,0,555,0,0,0,0,0,0,0,0,1,56,15504
573,3,4,0,1065,8,13,0,4390,0,0,0,0,4,4,0,1244,11,12,0,6046,1,1,0,354,20,21,0,8274,22,201,-89,55686,22,29,0,18883,2,2,0,1538,1,1,0,621,22,8,98101
574,8,8,0,5702,3,3,0,3830,2,2,0,1421,9,10,0,2667,9,22,0,12424,3,3,0,1900,0,0,0,0,9,160,-445,48493,7,7,0,5460,0,0,0,0,0,0,0,0,9,41,81897
575,2,2,0,496,1,2,0,2479,0,0,0,0,2,2,0,2580,4,7,0,5246,2,2,0,1955,0,0,0,0,4,88,0,47349,4,18,0,9017,1,1,0,817,1,1,0,1601,4,10,71540
576,2,4,0,710,1,1,0,270,1,1,0,584,3,3,0,844,2,2,0,1120,1,1,-178,489,0,0,0,0,19,110,-512,42346,19,43,-267,30085,3,3,0,1891,0,0,0,0,19,21,78339
577,0,0,0,0,2,2,0,1976,0,0,0,0,4,5,0,2222,9,12,-97,6643,0,0,0,0,0,0,0,0,14,80,0,31144,14,28,-489,10336,4,4,0,2557,0,0,0,0,14,3,54878
578,2,2,0,4627,3,3,0,2792,0,0,0,0,3,3,0,1029,7,8,-97,3791,3,3,0,1209,2,2,0,655,12,59,-187,22885,3,3,0,1650,0,0,0,0,0,0,0,0,12,5,38638
579,2,2,0,853,2,2,0,1207,2,3,0,2313,2,3,0,1423,14,33,0,14246,0,0,0,0,0,0,0,0,14,88,0,26868,13,15,0,6740,0,0,0,0,0,0,0,0,14,5,53650
580,3,10,0,3789,0,0,0,0,2,3,0,4269,1,1,0,657,1,1,0,532,0,0,0,0,0,0,0,0,3,26,0,11307,3,15,0,7275,0,0,0,0,0,0,0,0,3,30,27829
581,6,6,0,3462,0,0,0,0,2,3,0,2577,12,12,0,5022,1,1,0,1066,1,1,0,1066,3,3,0,1528,29,62,0,31766,25,27,0,21432,3,3,0,1579,2,3,0,4269,29,2,73767
582,2,2,0,3380,1,1,0,283,3,4,0,1521,2,4,0,974,2,3,0,3734,1,1,0,710,1,2,0,993,21,70,0,23295,12,14,0,13247,1,1,0,265,0,0,0,0,21,3,48402
583,3,4,0,922,4,8,0,3255,0,0,0,0,1,2,0,267,7,16,0,4819,1,1,0,1066,6,7,0,1882,35,176,0,55643,35,59,0,31224,2,2,0,744,0,0,0,0,35,1,99822
584,3,3,0,3700,3,4,0,1953,2,4,0,2311,4,5,0,1155,6,13,0,4835,1,1,0,888,1,1,0,267,6,72,0,29722,6,6,0,4196,2,2,0,1342,0,0,0,0,6,27,50369
585,0,0,0,0,0,0,0,0,0,0,0,0,0,0,0,0,0,0,0,0,0,0,0,0,0,0,0,0,1,1,0,710,1,1,0,318,0,0,0,0,0,0,0,0,1,58,1028
586,2,5,0,1968,1,1,0,1018,2,2,0,1243,14,16,0,6286,4,5,0,2135,3,3,0,1775,10,12,0,3316,16,166,0,51595,16,20,0,10847,4,4,0,892,2,3,0,2666,16,3,83741
587,0,0,0,0,0,0,0,0,0,0,0,0,0,0,0,0,2,2,0,1777,0,0,0,0,0,0,0,0,4,29,0,8215,2,2,0,448,0,0,0,0,0,0,0,0,4,52,10440
588,3,3,0,1330,1,1,0,744,0,0,0,0,4,10,0,4436,4,4,0,3198,1,1,0,710,4,6,0,2571,4,71,0,33375,4,10,0,7250,2,2,0,3024,2,2,0,2133,4,3,58771
589,0,0,0,0,0,0,0,0,0,0,0,0,0,0,0,0,1,1,0,1244,0,0,0,0,0,0,0,0,2,7,0,3298,0,0,0,0,0,0,0,0,0,0,0,0,2,56,4542
590,1,1,0,532,0,0,0,0,2,2,0,566,3,3,0,1241,3,4,0,3378,0,0,0,0,0,0,0,0,6,68,0,32181,6,17,0,8625,0,0,0,0,0,0,0,0,6,39,46523
591,1,1,0,211,1,1,0,1125,0,0,0,0,2,2,0,1243,5,6,0,2162,0,0,0,0,0,0,0,0,6,81,0,14819,5,5,0,28535,0,0,0,0,0,0,0,0,6,48,48095
592,4,5,0,1789,2,2,0,1143,2,4,0,4890,5,8,-89,2983,2,4,0,1781,2,2,0,1777,0,0,0,0,11,86,-2324,32661,11,18,-356,10684,0,0,0,0,2,2,0,2313,11,38,60021
593,1,1,0,710,3,4,0,5211,1,1,0,710,6,6,0,2439,6,11,0,4069,1,1,0,229,1,1,0,532,9,52,0,17181,9,12,0,8256,0,0,0,0,0,0,0,0,9,7,39337
594,10,12,0,9216,1,1,0,745,2,4,0,1781,4,4,0,1401,16,32,0,10949,7,8,0,5006,0,0,0,0,16,110,0,37862,16,23,0,17418,0,0,0,0,0,0,0,0,16,27,84378
595,1,1,0,140,3,3,0,2374,0,0,0,0,10,11,0,3269,6,8,-178,2570,3,3,0,813,2,2,0,740,12,127,-1154,51694,12,20,-133,10108,1,1,0,511,0,0,0,0,12,3,72219
596,0,0,0,0,0,0,0,0,0,0,0,0,0,0,0,0,4,5,0,2895,0,0,0,0,0,0,0,0,11,44,0,10087,1,1,0,354,0,0,0,0,0,0,0,0,11,38,13336
597,0,0,0,0,0,0,0,0,0,0,0,0,1,1,0,764,2,2,0,1246,0,0,0,0,0,0,0,0,4,34,0,23165,0,0,0,0,0,0,0,0,0,0,0,0,4,42,25175
598,8,18,0,8278,0,0,0,0,0,0,0,0,3,3,0,496,6,8,0,2666,1,1,0,354,1,1,0,178,14,192,-89,48892,14,17,0,16249,0,0,0,0,0,0,0,0,14,8,77113
599,2,2,0,1777,1,1,0,607,2,2,0,1928,6,7,0,1625,25,35,0,21311,1,1,0,354,0,0,0,0,51,448,-445,139401,51,134,0,84646,3,3,0,3326,1,1,0,176,51,1,255151
600,1,2,0,890,2,2,0,1045,3,3,0,2657,1,1,0,140,6,21,0,11419,3,3,0,1241,2,2,0,601,6,60,0,20406,6,10,0,4683,0,0,0,0,1,1,0,890,6,20,43972
601,0,0,0,0,1,1,0,1221,0,0,0,0,5,5,0,2076,2,3,0,1155,0,0,0,0,0,0,0,0,10,16,0,25261,5,5,0,4479,0,0,0,0,0,0,0,0,10,5,34192
602,5,5,0,2311,3,5,0,3220,3,3,0,1775,9,10,0,4475,3,3,0,1891,3,3,0,1688,3,3,0,534,12,88,-1113,30298,11,11,0,3861,0,0,0,0,1,1,0,2671,12,6,52724
603,5,7,0,3040,6,8,0,4253,2,2,0,1244,4,4,0,753,16,17,0,4892,1,1,0,710,0,0,0,0,17,132,-445,30709,9,10,0,1873,1,1,0,3560,0,0,0,0,17,5,51034
604,5,8,0,2543,3,4,0,2580,0,0,0,0,6,6,0,2714,1,1,0,1066,2,2,0,975,3,7,0,1512,7,207,0,66082,6,13,0,7184,1,1,0,176,0,0,0,0,7,13,84832
605,0,0,0,0,0,0,0,0,0,0,0,0,0,0,0,0,0,0,0,0,0,0,0,0,0,0,0,0,6,14,0,6247,6,11,0,5834,0,0,0,0,0,0,0,0,6,1,12081
606,0,0,0,0,0,0,0,0,0,0,0,0,0,0,0,0,1,1,0,356,1,1,0,354,0,0,0,0,8,23,0,8249,8,26,-97,28303,0,0,0,0,0,0,0,0,8,44,37262
607,4,4,0,1423,1,1,0,860,0,0,0,0,3,3,0,1378,15,16,0,10149,2,2,0,4983,1,1,0,301,21,217,0,52635,21,31,0,11049,1,1,0,283,0,0,0,0,21,5,83061
608,0,0,0,0,0,0,0,0,0,0,0,0,0,0,0,0,0,0,0,0,0,0,0,0,0,0,0,0,0,0,0,0,0,0,0,0,0,0,0,0,0,0,0,0,0,0,0
609,0,0,0,0,0,0,0,0,0,0,0,0,0,0,0,0,0,0,0,0,0,0,0,0,0,0,0,0,2,4,0,2935,2,10,0,7357,0,0,0,0,0,0,0,0,2,56,10292
610,2,3,0,623,2,2,0,1049,0,0,0,0,9,14,0,3980,12,31,-115,20823,2,2,-178,1066,5,5,0,3246,12,187,0,65394,12,35,0,23328,2,2,0,1960,0,0,0,0,12,5,121469
611,4,4,0,799,0,0,0,0,0,0,0,0,1,1,0,124,3,3,0,1476,3,4,0,1173,0,0,0,0,5,37,0,10005,5,15,0,9318,0,0,0,0,0,0,0,0,5,50,22895
612,0,0,0,0,0,1,0,715,0,0,0,0,0,0,0,0,0,3,0,2844,0,0,0,0,0,0,0,0,0,26,0,11498,0,3,0,1243,0,0,0,0,0,0,0,0,0,60,16300
613,0,0,0,0,2,3,0,2073,1,1,0,888,12,12,0,5353,4,5,0,2685,1,1,0,425,2,2,0,708,31,238,0,73496,31,70,0,34798,0,0,0,0,0,0,0,0,31,1,120426
614,0,0,0,0,0,0,0,0,0,0,0,0,1,1,0,1066,2,3,0,1455,0,0,0,0,0,0,0,0,3,15,0,8244,0,0,0,0,0,0,0,0,0,0,0,0,3,54,10765
615,2,2,0,2578,1,1,0,199,0,0,0,0,2,2,0,888,8,9,0,2872,2,2,0,1333,0,0,0,0,14,110,0,34317,8,9,0,5490,0,0,0,0,0,0,0,0,14,5,47677
616,2,6,0,694,3,4,0,1467,0,0,0,0,2,2,0,708,5,7,0,1909,1,1,0,585,0,0,0,0,13,38,0,14433,13,26,-178,15366,1,2,0,1065,0,0,0,0,13,7,36227
617,0,0,0,0,0,0,0,0,0,0,0,0,0,0,0,0,0,0,0,0,0,0,0,0,0,0,0,0,2,5,0,2286,0,0,0,0,0,0,0,0,0,0,0,0,2,55,2286
618,2,2,0,1065,10,11,0,5547,0,0,0,0,2,2,0,502,17,17,0,4849,0,0,0,0,2,2,0,489,29,128,0,31634,7,7,0,2509,0,0,0,0,0,0,0,0,29,2,46595
619,1,1,0,639,2,2,0,1396,2,2,0,1367,15,29,0,12753,3,3,0,1650,4,5,0,2309,3,3,0,992,15,107,0,47778,15,15,0,11291,2,4,0,4295,0,0,0,0,15,7,84470
620,0,0,0,0,0,0,0,0,0,0,0,0,2,2,0,888,3,3,0,2309,0,0,0,0,0,0,0,0,13,40,0,18684,11,12,-178,8552,0,0,0,0,0,0,0,0,13,34,30433
621,1,1,0,178,2,3,0,1852,0,0,0,0,3,4,-534,1421,3,5,0,2699,1,1,-178,320,2,2,0,975,3,39,0,11644,3,6,0,2772,1,1,0,372,0,0,0,0,3,5,22233
622,2,2,0,853,3,3,0,2142,0,0,0,0,2,2,0,708,3,3,0,2363,2,2,0,1423,1,1,0,532,10,62,0,22075,10,13,0,7412,0,0,0,0,1,1,0,712,10,40,38220
623,1,1,0,265,1,1,0,582,0,0,0,0,0,0,0,0,5,11,0,1852,0,0,0,0,0,0,0,0,11,81,0,15565,1,1,0,58,0,0,0,0,0,0,0,0,11,30,18322
624,3,3,0,1109,2,16,0,3205,5,10,-267,13963,24,31,0,8421,12,17,0,5939,6,12,0,12089,1,1,0,176,37,310,-2306,117986,17,24,0,10429,2,2,0,708,2,2,0,3024,37,1,177049
625,3,3,0,890,1,1,0,439,0,0,0,0,0,0,0,0,3,4,0,977,0,0,0,0,1,1,0,888,10,81,-44,27541,10,12,0,9257,0,0,0,0,0,0,0,0,10,1,39992
626,1,1,0,318,1,1,0,520,0,0,0,0,4,4,0,1435,1,1,0,532,1,1,0,354,1,1,0,318,5,86,0,14477,5,5,0,3962,0,0,0,0,0,0,0,0,5,6,21916
627,0,0,0,0,0,0,0,0,0,0,0,0,0,0,0,0,0,0,0,0,0,0,0,0,0,0,0,0,2,4,0,1301,0,0,0,0,0,0,0,0,0,0,0,0,2,38,1301
628,0,0,0,0,0,0,0,0,1,1,0,297,1,1,0,265,0,0,0,0,0,0,0,0,0,0,0,0,4,10,0,4716,0,0,0,0,0,0,0,0,0,0,0,0,4,45,5278
629,0,0,0,0,4,7,0,2632,1,1,0,1066,2,2,0,1599,2,3,0,1335,0,0,0,0,0,0,0,0,10,31,0,11914,8,9,0,2878,0,0,0,0,0,0,0,0,10,12,21424
630,4,4,0,5357,1,1,0,687,0,0,0,0,3,5,0,1510,3,3,0,2309,0,0,0,0,0,0,0,0,6,68,-178,21624,6,10,0,4865,1,1,0,532,0,0,0,0,6,40,36884
631,0,0,0,0,2,4,0,1688,1,2,0,712,1,1,0,105,4,4,0,890,0,0,0,0,5,7,0,1246,10,25,-445,8283,3,3,0,1569,1,1,0,888,1,1,0,888,10,1,16269
632,0,0,0,0,4,9,0,6920,0,0,0,0,5,7,0,7058,14,46,0,24595,0,0,0,0,0,0,0,0,14,79,-178,57349,14,31,0,16182,0,0,0,0,0,0,0,0,14,9,112104
633,2,2,0,621,5,5,0,5284,1,1,0,968,6,43,-133,11528,6,8,0,3232,5,5,0,4293,4,8,0,712,6,119,-356,44929,6,76,0,21471,0,0,0,0,0,0,0,0,6,40,93038
634,3,5,0,1031,3,8,0,6602,0,0,0,0,3,12,0,3987,3,5,0,2906,3,3,0,1510,3,4,0,1951,3,170,-1031,50468,3,16,-53,8171,3,3,0,267,0,0,0,0,3,21,76893
635,0,0,0,0,0,0,0,0,1,1,0,888,3,3,0,1065,1,1,0,888,1,1,0,178,0,0,0,0,8,63,-178,15347,4,4,0,4586,0,0,0,0,0,0,0,0,8,40,22952
636,1,2,0,178,10,12,0,7690,3,3,0,2666,6,8,0,2935,14,17,0,9294,0,0,0,0,4,7,0,1857,14,201,0,37556,6,6,0,3820,0,0,0,0,0,0,0,0,14,32,65996
637,1,1,0,461,1,1,0,1383,1,1,0,888,2,4,0,3198,2,5,0,3822,0,0,0,0,0,0,0,0,2,35,0,12016,2,5,0,3075,0,0,0,0,0,0,0,0,2,56,24843
638,3,3,0,1294,1,1,0,829,2,2,0,1065,3,3,0,1144,4,4,0,2311,6,6,0,4040,6,6,0,2466,10,56,0,21363,10,33,0,17165,5,5,0,4363,0,0,0,0,10,40,56040
639,2,3,0,623,0,0,0,0,0,0,0,0,9,10,0,3494,2,3,0,1155,0,0,0,0,7,13,0,1969,17,48,0,18999,6,6,0,6529,0,0,0,0,0,0,0,0,17,20,32769
640,4,4,0,5931,2,2,0,1675,0,0,0,0,2,2,0,708,8,13,0,6073,3,3,0,1417,0,0,0,0,23,126,0,40370,6,8,0,2870,0,0,0,0,0,0,0,0,23,4,59044
641,2,3,0,2133,1,1,0,945,0,0,0,0,3,3,0,619,1,1,0,675,0,0,0,0,0,0,0,0,5,19,-445,5524,5,24,0,7275,0,0,0,0,0,0,0,0,5,42,17171
642,2,2,0,1332,2,2,0,2140,0,0,0,0,5,5,0,2463,9,16,0,6995,1,1,-178,781,0,0,0,0,10,236,-365,67037,7,9,0,6842,0,0,0,0,0,0,0,0,10,5,87590
643,1,1,0,639,4,5,0,3300,1,1,0,977,4,22,0,6473,4,14,0,7816,3,3,0,773,1,1,0,443,4,151,0,48466,4,11,0,5056,0,0,0,0,0,0,0,0,4,40,73943
644,1,1,0,178,4,4,0,1911,2,2,0,1777,13,39,0,7065,7,9,0,6762,6,6,0,3821,13,21,0,9360,13,141,0,43046,11,11,0,8228,2,2,0,1072,0,0,0,0,13,9,83220
645,4,4,0,1953,2,3,0,992,0,0,0,0,3,4,0,1465,2,2,0,496,2,3,0,1873,1,2,0,730,16,142,-780,47463,5,7,0,2363,2,2,0,1020,2,2,0,1601,16,6,59956
646,1,1,0,532,0,0,0,0,1,1,0,443,0,0,0,0,0,0,0,0,0,0,0,0,0,0,0,0,9,27,0,12541,9,11,0,8281,0,0,0,0,0,0,0,0,9,38,21797
647,0,0,0,0,0,0,0,0,0,0,0,0,2,3,0,885,4,12,0,6283,0,0,0,0,0,0,0,0,4,121,0,28716,4,6,0,1143,0,0,0,0,0,0,0,0,4,38,37027
648,4,6,0,1951,3,3,0,1951,0,0,0,0,2,2,0,977,3,4,0,1705,6,6,0,8317,4,5,0,2626,19,71,0,28240,6,8,0,4936,0,0,0,0,0,0,0,0,19,3,50703
649,3,4,0,4627,3,3,0,2536,2,2,0,1421,5,5,0,3289,11,12,0,9225,4,4,0,2892,3,7,0,1734,16,177,0,50419,15,15,0,6167,4,4,0,3551,0,0,0,0,16,12,85861
650,0,0,0,0,0,0,0,0,0,0,0,0,0,0,0,0,0,0,0,0,0,0,0,0,0,0,0,0,0,0,0,0,1,24,0,2931,0,0,0,0,0,0,0,0,1,58,2931
651,0,0,0,0,9,10,0,5540,0,0,0,0,1,1,0,176,2,2,0,1599,2,2,0,1332,0,0,0,0,14,42,0,8739,0,0,0,0,0,0,0,0,0,0,0,0,14,32,17386
652,3,7,0,3777,1,1,0,637,1,1,0,888,3,5,0,2359,3,6,-124,3433,3,4,0,1951,1,1,0,443,3,9,0,7154,3,3,0,1376,0,0,0,0,1,1,0,1779,3,54,23797
653,0,0,0,0,0,0,0,0,0,0,0,0,0,0,0,0,0,0,0,0,0,0,0,0,0,0,0,0,1,7,0,4092,1,1,0,6383,0,0,0,0,0,0,0,0,1,58,10475
654,0,0,0,0,0,0,0,0,0,0,0,0,0,0,0,0,0,0,0,0,0,0,0,0,1,1,0,333,34,35,0,14169,42,44,0,9012,0,0,0,0,0,0,0,0,42,1,23514
655,7,7,0,4090,8,9,0,6042,3,3,0,2093,8,8,0,3373,11,17,0,8491,4,4,0,1866,0,0,0,0,41,257,-133,128695,17,18,0,8596,3,3,0,1277,2,2,0,2669,41,1,167192
656,1,1,0,710,0,0,0,0,0,0,0,0,0,0,0,0,2,3,0,890,0,0,0,0,0,0,0,0,2,6,0,3442,0,0,0,0,0,0,0,0,0,0,0,0,2,45,5042
657,3,4,0,356,4,5,0,3330,4,5,0,4000,5,5,0,2042,8,16,0,7590,1,1,0,231,0,0,0,0,8,120,0,36102,8,31,0,13124,0,0,0,0,0,0,0,0,8,42,66775
658,0,0,0,0,0,0,0,0,0,0,0,0,0,0,0,0,0,0,0,0,0,0,0,0,0,0,0,0,0,0,0,0,0,0,0,0,0,0,0,0,0,0,0,0,0,0,0
659,0,0,0,0,10,11,0,6705,0,0,0,0,7,7,0,2482,2,3,0,2131,1,2,0,1065,0,0,0,0,13,125,0,48135,6,6,0,2746,0,0,0,0,0,0,0,0,13,34,63264
660,2,3,0,2847,3,5,0,2634,0,0,0,0,3,3,0,1045,6,7,0,2363,0,0,0,0,0,0,0,0,10,118,0,33090,10,18,0,5211,0,0,0,0,0,0,0,0,10,9,47190
661,0,0,0,0,2,2,0,1307,0,0,0,0,1,1,0,140,8,8,0,3989,0,0,0,0,0,0,0,0,8,11,0,2895,8,10,0,5412,2,2,0,2179,0,0,0,0,8,38,15922
662,0,0,0,0,0,0,0,0,0,0,0,0,3,3,0,885,1,1,0,1244,0,0,0,0,0,0,0,0,6,70,-445,19820,0,0,0,0,0,0,0,0,0,0,0,0,6,48,21949
663,0,0,0,0,0,0,0,0,0,0,0,0,1,1,0,176,0,0,0,0,0,0,0,0,0,0,0,0,4,5,0,2482,1,1,0,4183,0,0,0,0,0,0,0,0,4,52,6841
664,1,1,0,710,3,3,0,2493,4,5,0,3912,5,5,0,1237,19,35,0,23151,1,1,0,888,0,0,0,0,19,330,0,97477,19,36,0,18246,0,0,0,0,0,0,0,0,19,8,148114
665,3,8,0,1066,1,3,0,1870,2,2,0,1423,4,5,0,2302,4,11,0,6294,4,4,0,2268,1,1,0,267,4,114,0,39623,4,11,0,10497,0,0,0,0,1,3,0,6940,4,11,72550
666,2,2,0,708,1,3,0,789,0,0,0,0,1,1,0,354,0,0,0,0,0,0,0,0,0,0,0,0,3,16,0,4796,3,5,0,3394,0,0,0,0,0,0,0,0,3,54,10041
667,2,2,0,1154,1,1,0,286,0,0,0,0,1,1,0,443,4,4,0,2464,1,1,0,431,1,1,0,267,5,47,0,19886,5,18,0,4653,0,0,0,0,0,0,0,0,5,6,29584
668,1,1,0,3916,1,1,0,498,0,0,0,0,1,1,0,176,4,4,0,1690,0,0,0,0,0,0,0,0,8,36,0,14187,8,31,0,4428,0,0,0,0,0,0,0,0,8,44,24895
669,0,0,0,0,0,0,0,0,0,0,0,0,6,40,0,7091,0,0,0,0,0,0,0,0,0,0,0,0,6,17,0,3636,1,1,0,746,0,0,0,0,0,0,0,0,6,48,11473
670,7,11,0,1408,2,2,0,607,2,2,0,1173,3,6,0,1027,12,14,-97,5239,1,1,0,194,4,4,0,847,37,162,-1513,57999,17,19,0,11677,1,1,0,325,1,1,0,710,37,1,81206
671,2,2,0,1868,2,2,0,2295,0,0,0,0,9,10,0,4233,5,6,0,3645,2,3,0,1859,6,11,0,4753,16,80,0,41269,16,29,0,11599,1,2,0,1155,0,0,0,0,16,7,72676
672,0,0,0,0,0,0,0,0,0,0,0,0,0,0,0,0,0,0,0,0,0,0,0,0,0,0,0,0,0,0,0,0,0,0,0,0,0,0,0,0,0,0,0,0,0,0,0
673,1,1,0,1423,1,1,0,443,0,0,0,0,3,3,0,1510,3,3,0,2541,1,1,-178,507,0,0,0,0,16,73,0,29361,2,2,0,1100,0,0,0,0,0,0,0,0,16,2,36885
674,0,0,0,0,2,2,0,694,0,0,0,0,3,4,0,520,0,0,0,0,0,0,0,0,0,0,0,0,4,34,-267,15435,0,0,0,0,0,0,0,0,0,0,0,0,4,44,16649
675,2,2,0,708,3,3,0,2249,3,4,0,3072,7,7,0,2892,2,2,0,1296,1,1,-178,368,11,36,0,9581,11,73,0,31692,10,10,0,5588,1,1,0,1066,0,0,0,0,11,38,58512
676,3,4,0,708,3,3,0,2190,1,2,0,3558,6,11,0,2233,1,1,0,534,1,1,0,445,0,0,0,0,13,99,0,42008,13,32,0,17540,6,6,0,2308,0,0,0,0,13,4,71524
677,3,6,0,995,3,4,0,4283,1,2,0,1599,4,5,0,1846,8,10,0,5136,4,4,0,1720,5,5,0,1424,21,86,0,37358,18,19,0,9093,0,0,0,0,2,2,0,2311,21,18,65765
678,1,1,0,176,0,0,0,0,0,0,0,0,2,2,0,511,1,1,0,1066,2,5,0,2562,0,0,0,0,2,35,-890,16201,2,3,0,2046,0,0,0,0,0,0,0,0,2,49,22562
679,1,1,0,621,0,0,0,0,0,0,0,0,4,4,0,2042,3,3,0,1510,1,1,0,496,1,1,0,354,10,67,0,18319,10,12,0,5759,1,1,0,265,0,0,0,0,10,14,29366
680,0,0,0,0,4,8,0,6367,0,0,0,0,4,5,0,1934,2,2,0,1209,0,0,0,0,0,0,0,0,4,59,-178,15590,3,3,0,1595,0,0,0,0,0,0,0,0,4,42,26695
681,1,2,0,178,1,1,0,600,0,0,0,0,1,1,0,176,9,10,0,2000,0,0,0,0,0,0,0,0,46,204,0,46351,9,10,0,3031,0,0,0,0,0,0,0,0,46,1,52336
682,2,2,0,1599,3,3,0,2971,2,2,0,2835,12,15,0,5982,15,26,0,15508,2,3,0,2133,0,0,0,0,15,160,-267,78176,15,18,-178,16484,2,2,0,1528,0,0,0,0,15,5,127216
683,5,5,0,1385,4,7,0,3570,2,3,0,1722,11,11,0,4051,4,4,0,1127,1,1,0,445,1,1,0,301,14,99,0,21229,2,2,0,245,0,0,0,0,1,1,0,1423,14,32,35498
684,0,0,0,0,0,0,0,0,0,0,0,0,0,0,0,0,0,0,0,0,0,0,0,0,0,0,0,0,0,0,0,0,0,0,0,0,0,0,0,0,0,0,0,0,0,0,0
685,3,3,0,1330,0,0,0,0,2,2,0,1278,8,10,0,3848,0,0,0,0,6,6,0,3697,14,15,0,6005,19,44,0,27690,11,11,0,9367,1,1,0,443,0,0,0,0,19,7,53658
686,1,1,0,532,7,8,0,4981,3,6,0,10283,12,14,0,3807,11,11,0,9597,0,0,0,0,1,1,0,267,16,118,0,62659,7,7,0,7984,0,0,0,0,0,0,0,0,16,14,100110
687,1,1,0,888,0,0,0,0,0,0,0,0,2,2,0,1118,17,74,0,35997,0,0,0,0,0,0,0,0,17,57,0,22700,8,28,0,2666,0,0,0,0,0,0,0,0,17,3,63369
688,2,2,0,799,3,3,0,2240,0,0,0,0,14,16,0,4610,5,5,0,2443,4,4,0,1423,6,6,0,2235,20,72,-329,20030,12,13,0,7734,1,1,-178,977,0,0,0,0,20,7,42491
689,4,5,0,623,8,8,0,2386,1,1,0,710,3,5,0,582,5,5,0,1423,4,4,0,1248,0,0,0,0,11,39,-178,8547,7,7,-489,4876,0,0,0,0,0,0,0,0,11,8,20395
690,4,4,0,20208,2,2,0,1205,0,0,0,0,3,3,0,1157,11,11,0,9225,0,0,0,0,1,1,0,178,16,186,-124,64220,5,5,0,1292,2,2,0,2065,1,1,0,3382,16,13,102932
691,1,1,0,6409,4,4,0,1642,0,0,0,0,2,2,0,949,3,3,0,2252,3,3,0,1423,9,16,0,5278,9,52,0,15480,9,17,0,12534,1,1,0,532,0,0,0,0,9,2,46499
692,4,5,0,2594,5,6,0,6555,7,9,0,4481,10,14,0,3204,10,17,0,4854,4,4,0,2664,3,7,0,1120,10,157,0,43620,10,28,0,13565,0,0,0,0,0,0,0,0,10,14,82657
693,3,3,0,1597,3,3,0,4340,3,4,0,1773,3,6,0,1296,12,15,0,9442,0,0,0,0,0,0,0,0,24,159,0,67069,24,69,0,43762,1,1,0,2669,1,1,0,1779,24,3,133727
694,3,3,0,886,3,3,0,3173,1,1,0,714,3,4,0,1421,8,12,0,5245,0,0,0,0,0,0,0,0,11,142,0,44507,11,15,0,6390,1,1,0,283,0,0,0,0,11,6,62619
695,7,11,0,1474,5,5,0,2933,1,2,0,1781,3,3,0,1373,12,46,0,19339,4,4,0,1260,1,1,0,2669,12,177,-249,80328,12,40,0,26175,10,10,0,5843,0,0,0,0,12,32,143175
696,1,2,0,178,4,4,0,1857,2,2,0,1877,6,9,0,1825,11,11,0,4979,4,4,0,792,7,7,0,1246,26,259,-133,68983,26,26,0,6830,1,1,0,532,0,0,0,0,26,3,89099
697,4,8,0,3202,3,3,0,2694,2,2,0,4530,4,4,0,1417,4,11,0,6254,3,3,-178,2926,1,1,0,977,4,65,0,27074,4,11,0,18269,0,0,0,0,0,0,0,0,4,34,67343
698,1,1,0,211,4,5,0,2742,0,0,0,0,3,3,0,1132,4,5,0,2452,0,0,0,0,0,0,0,0,16,142,-1886,44950,14,15,-427,7355,1,1,0,534,0,0,0,0,16,28,59376
699,0,0,0,0,1,1,0,432,3,3,0,2313,7,7,0,3554,5,7,0,3558,2,2,0,1691,5,5,0,2751,12,119,0,51889,9,9,0,8126,0,0,0,0,0,0,0,0,12,36,74314
700,3,4,0,1387,1,1,0,888,0,0,0,0,2,3,0,1601,4,6,0,3524,2,3,0,9255,10,16,-178,7339,10,37,-97,14787,4,4,0,1154,0,0,0,0,1,1,0,2671,10,16,42606
701,1,1,0,532,4,5,0,3670,0,0,0,0,11,17,0,7271,1,1,0,354,3,3,0,1065,0,0,0,0,12,43,0,20182,9,10,0,5706,1,1,0,229,0,0,0,0,12,9,39009
702,2,2,0,1155,1,2,0,3029,0,0,0,0,3,3,0,1059,13,22,0,5264,1,1,0,710,0,0,0,0,13,197,-195,51867,7,8,0,1791,2,2,0,1200,0,0,0,0,13,34,66075
703,0,0,0,0,0,0,0,0,1,1,0,532,2,2,0,584,4,5,0,3022,0,0,0,0,0,0,0,0,7,44,0,9572,1,1,0,247,0,0,0,0,0,0,0,0,7,42,13957
704,3,4,0,920,1,1,0,484,0,0,0,0,2,2,0,623,5,5,0,3143,2,2,0,562,5,9,0,1779,5,93,0,19583,5,11,0,4461,0,0,0,0,0,0,0,0,5,41,31555
705,0,0,0,0,0,0,0,0,0,0,0,0,0,0,0,0,0,0,0,0,0,0,0,0,0,0,0,0,0,0,0,0,0,0,0,0,0,0,0,0,0,0,0,0,0,0,0
706,1,1,0,710,1,1,0,733,0,0,0,0,2,2,0,409,0,0,0,0,0,0,0,0,0,0,0,0,3,16,0,1903,0,0,0,0,0,0,0,0,0,0,0,0,3,42,3755
707,0,0,0,0,1,1,0,585,0,0,0,0,1,1,0,532,3,3,0,3025,0,0,0,0,3,5,0,2609,9,79,-53,30292,3,3,-89,1777,0,0,0,0,0,0,0,0,9,42,38820
708,1,1,0,354,0,0,0,0,1,1,0,1066,7,8,0,3360,2,2,0,1688,1,1,0,710,1,1,0,443,14,59,0,29945,5,6,0,3198,0,0,0,0,4,4,0,5464,14,7,46228
709,15,15,0,5519,2,2,0,1401,0,0,0,0,9,17,0,3875,3,3,0,1900,3,3,0,2716,22,33,0,15982,22,116,0,46681,9,13,0,5095,0,0,0,0,2,2,0,2669,22,3,85838
710,0,0,0,0,0,0,0,0,0,0,0,0,1,3,0,1022,0,0,0,0,0,0,0,0,1,1,0,297,1,3,0,528,1,2,0,1367,0,0,0,0,0,0,0,0,1,58,3214
711,11,16,0,2935,2,4,0,1544,5,7,0,3670,5,8,0,2844,27,36,-267,15886,9,9,0,4578,10,24,0,3451,50,585,-1754,184915,50,108,-178,47135,1,1,0,1155,2,2,0,3025,50,1,271138
712,2,2,0,1207,0,0,0,0,0,0,0,0,3,7,0,2840,1,1,0,1066,2,2,0,708,0,0,0,0,3,40,0,14513,1,2,0,211,0,0,0,0,0,0,0,0,3,54,20545
