357,0.001490194,0.001364781,0.0012046539999999999,0.001364781,0.00140151,0.000955802,0.000815498,0.0071213809999999995,0.0015843329999999998,0.001364781,0.001558521
358,0.00069819,0.000639389,0.000564322,0.000639389,0.000613213,0.0005896709999999999,0.000639389,0.000778637,0.000544791,0.000639389,0.000897664
359,0.015743656,0.01711433,0.016257605,0.01711433,0.015075666000000001,0.015065408999999997,0.010855676000000002,0.07940701,0.017548745,0.01711433,0.018124400000000002
360,0.001243895,0.001408618,0.001137599,0.001288824,0.0012360939999999999,0.001004372,0.0011830060000000001,0.002316265,0.0016268570000000002,0.001288824,0.002616404
361,0.022522297,0.023317842000000002,0.022157577999999997,0.023317842000000002,0.01958855,0.014356652,0.01989657,0.5886399999999999,0.04592739,0.023317842000000002,0.05267766
362,0.005145093,0.0051500159999999994,0.004162147,0.00471354,0.004521329,0.004538971,0.00436839,0.017383156,0.004121989,0.00471354,0.005334664
363,0.01727555,0.017291868000000002,0.01474771,0.015842738000000002,0.012424558,0.014486918,0.010270231,0.09847504,0.0322291,0.015842738000000002,0.02201001
364,0.005599714,0.005130226,0.0045303109999999995,0.005130226,0.005130226,0.00497112,0.0033441770000000003,0.07326390599999999,0.0056420559999999995,0.005130226,0.005478546999999999
365,0.0009490639999999999,0.000869152,0.000767132,0.000869152,0.0008335780000000001,0.0008015839999999999,0.000869152,0.0017137729999999998,0.0007405860000000001,0.000869152,0.001220125
366,0.019252198,0.021749748,0.017634176,0.01993459,0.015647607,0.018054891,0.018495588,0.18503718,0.019737099999999997,0.01993459,0.02126658
367,0.0071772009999999985,0.007184055,0.005808298000000001,0.0065763290000000005,0.006308638,0.004368529,0.003937828,0.0263795,0.007397459,0.0065763290000000005,0.009169973
368,0.003118283,0.003121272,0.002521567,0.002856242,0.0027395609999999997,0.002603887,0.002646732,0.0069922380000000004,0.002409914,0.002856242,0.0030506440000000004
369,0.001018561,0.001108683,0.0010523260000000001,0.001108683,0.0010633160000000001,0.001030061,0.000699078,0.001858743,0.001167765,0.001108683,0.0014569210000000001
370,0.006537276,0.007112217,0.006281996999999999,0.007112217,0.006257416,0.005780817,0.00463937,0.034209616,0.0070408419999999985,0.007112217,0.00759408
371,0.004225815,0.004229862,0.00341789,0.003871068,0.003713084,0.002673869,0.003553993,0.011094268000000001,0.00329992,0.003871068,0.009576593000000001
372,0.0024212179999999997,0.002423541,0.001957632,0.002217625,0.002217625,0.0017960570000000004,0.001296143,0.005789321,0.001870903,0.002217625,0.002706117
373,0.005352044,0.006057493000000001,0.004896411,0.005544535,0.00502256,0.0054495690000000005,0.005544535,0.030025769,0.004680094,0.005544535,0.005920819
374,0.001733723,0.0017963120000000004,0.0017963120000000004,0.0017963120000000004,0.001722856,0.0017726979999999999,0.00166442,0.006027638,0.00177819,0.0017963120000000004,0.0017963120000000004
375,0.009017556,0.009808478,0.009314011,0.009808478,0.00822159,0.006490213000000001,0.005880879,0.07899044,0.022273606,0.009808478,0.010479969
376,0.001508119,0.0017077729999999999,0.001379274,0.001562576,0.001562576,0.0013399129999999999,0.001447821,0.00534695,0.001946411,0.001562576,0.001669076
377,0.00377572,0.004274288,0.003453817,0.00391174,0.004016736,0.00334106,0.003625089,0.00705561,0.00391174,0.00391174,0.005812347
378,0.005369756,0.006382978,0.005159831,0.005842619,0.004572008,0.004196651,0.003497456,0.018677559,0.010909193999999999,0.005842619,0.014411945
379,0.005032072,0.005036888,0.004070631,0.004609955,0.00442195,0.00417763,0.004272359,0.017497962,0.003890652,0.004609955,0.004923127
380,0.004614754,0.0054863030000000005,0.0044342140000000006,0.005021467,0.004869041,0.002859253,0.00300491,0.017382756,0.008890037,0.005021467,0.01240145
381,0.0005037959999999999,0.000461359,0.000407185,0.000461359,0.000442468,0.00042547900000000004,0.000461359,0.000561857,0.00039309,0.000461359,0.0006477669999999999
382,0.012654698,0.015021758999999999,0.012163459,0.013760202,0.013203978,0.00846797,0.008006431999999999,0.02658856,0.014551851000000001,0.013760202,0.02918879
383,0.01203387,0.012045304,0.009747750999999999,0.011030916000000002,0.010583832,0.010904915,0.006981145,0.02330877,0.015667487,0.011030916000000002,0.01177513
384,0.00347092,0.004127336,0.003513154,0.003777206,0.0036534659999999997,0.0033212140000000003,0.002461035,0.0175453,0.005807573000000001,0.003777206,0.004275475
385,0.003256437,0.0032595590000000004,0.002633355,0.002982823,0.002860986,0.0019049820000000002,0.002537423,0.008195635,0.002542395,0.002982823,0.007388886
386,0.0030311120000000003,0.002776377,0.002451037,0.002776377,0.002776377,0.002389975,0.001808313,0.009186882,0.0023663589999999997,0.002776377,0.0030479640000000002
387,0.001271732,0.0011646830000000001,0.0010280089999999999,0.0011646830000000001,0.001117027,0.001074165,0.0011646830000000001,0.0021897379999999997,0.000982425,0.0011646830000000001,0.001244097
388,0.006634051,0.007217441,0.006375016999999999,0.007217441,0.005982337,0.0070769180000000015,0.0047081829999999995,0.022096512999999998,0.007145018,0.007217441,0.007706379
389,0.00144512,0.0014465079999999998,0.0011682069999999999,0.001323496,0.001269349,0.000913458,0.001214835,0.002885741,0.001127798,0.001323496,0.002686695
390,0.0007532999999999999,0.00068986,0.000608872,0.00068986,0.00066162,0.000636221,0.00068986,0.0008400910000000001,0.000587799,0.00068986,0.000968503
391,0.0007532999999999999,0.00068986,0.000608872,0.00068986,0.00066162,0.000636221,0.00068986,0.0008400910000000001,0.000587799,0.00068986,0.000968503
392,0.005342586999999999,0.006046797,0.005148459,0.005534739,0.0047229690000000005,0.004273509,0.004710082,0.050342806,0.0071320440000000014,0.005534739,0.007720777
393,0.026737927,0.0316548,0.02571422,0.029037537000000002,0.026578817999999997,0.018687436,0.017546501000000003,0.1943675,0.038015425,0.029037537000000002,0.042441677000000004
394,0.002398875,0.002401177,0.001939559,0.002197157,0.002107343,0.002258121,0.002197157,0.006416366999999999,0.001853628,0.002197157,0.002346805
395,0.0016577520000000002,0.0016593439999999999,0.001340149,0.0015182589999999999,0.0014561560000000001,0.001410633,0.00095748,0.0018485560000000001,0.001599132,0.0015182589999999999,0.0021307879999999998
396,0.000833251,0.000833251,0.000833251,0.000833251,0.000833251,0.00064797,0.0007086,0.00497643,0.000967379,0.000833251,0.0008908480000000002
397,0.003884655,0.003888377,0.00314175,0.003558445,0.0031294179999999997,0.003033577,0.0032975979999999997,0.007462321,0.003558445,0.003558445,0.004989958
398,0.001527237,0.001729418,0.0013967620000000002,0.001582384,0.0015176629999999998,0.001433579,0.00103021,0.0023495070000000002,0.0013484579999999999,0.001582384,0.002220727
399,0.001388776,0.001511605,0.0013342739999999999,0.001511605,0.001449774,0.0013504970000000002,0.000984105,0.003707732,0.001275127,0.001511605,0.001614636
400,0.0045405409999999995,0.0047039840000000005,0.004465685,0.0047039840000000005,0.004512161,0.00414635,0.00306587,0.030287692,0.005854954,0.0047039840000000005,0.0047039840000000005
401,0.017626693,0.019158123,0.017838093,0.019158123,0.016083153,0.018528888,0.012549977,0.05041973,0.038830098,0.019158123,0.02164129
402,0.004423745,0.005007452,0.004046819,0.0045830029999999996,0.0040309479999999995,0.003984845,0.0045830029999999996,0.010394051999999999,0.0045830029999999996,0.0045830029999999996,0.006807528
403,0.00076206,0.000697883,0.000615954,0.000697883,0.000716678,0.0005962890000000001,0.00064659,0.000809265,0.000594636,0.000697883,0.001119569
404,0.001932035,0.001769503,0.001561965,0.001769503,0.001697141,0.001237498,0.000949117,0.00271959,0.001507956,0.001769503,0.003590437
405,0.013134063999999999,0.01428084,0.012624456000000001,0.01428084,0.011979133999999999,0.009676246,0.008577890999999999,0.1314995,0.018784488000000002,0.01428084,0.017239796
406,0.004580577,0.004984294,0.004731862,0.004984294,0.004781095,0.004249043,0.0029165479999999997,0.015585441,0.008659769,0.004984294,0.005282306
407,0.008567766999999999,0.009692947,0.007840529,0.008874881999999999,0.008109153000000001,0.005154312,0.007556337,0.032756712,0.02057319,0.008874881999999999,0.017650027
408,0.03496846,0.035000923999999996,0.028450837000000007,0.03211618,0.02834199,0.028272405,0.02277432,0.064678036,0.03211618,0.03211618,0.035156585
409,0.009799822,0.010658618,0.010658618,0.010658618,0.009740504,0.007615839,0.006392793000000001,0.014857031000000001,0.030170716,0.010658618,0.027877834
410,0.009375356,0.009384288000000001,0.007590401999999999,0.008592043,0.008821555,0.004899932,0.005149009,0.0204641,0.020707615,0.008592043,0.024051197000000003
411,0.000879953,0.0009117489999999999,0.0008653939999999999,0.0009117489999999999,0.000874433,0.0007368860000000001,0.00084475,0.0014380760000000002,0.000776887,0.0009117489999999999,0.001198204
412,0.006635965,0.006642305,0.005369733000000001,0.006080126,0.006080126,0.003691473,0.0036399790000000002,0.037383173,0.01700376,0.006080126,0.011446082
413,0.002425337,0.002746083,0.002218306,0.002512832,0.00220959,0.001622996,0.0016212470000000001,0.004531193,0.002512832,0.002512832,0.006228986
414,0.000953,0.000953,0.00090455,0.000953,0.0009139969999999999,0.00090271,0.0006203140000000001,0.001160469,0.0008120410000000001,0.000953,0.001431051
415,0.000734304,0.0008316010000000001,0.000671525,0.0007608410000000001,0.000729697,0.000614902,0.000704923,0.001445081,0.0008014010000000001,0.0007608410000000001,0.001068123
416,0.005229581,0.006216519,0.0050251079999999995,0.005690171,0.0051419890000000005,0.005582084,0.0040032390000000004,0.032657735,0.0056329859999999995,0.005690171,0.006076278
417,0.013219948,0.013232495,0.010710948999999999,0.012119353000000001,0.011628673999999999,0.007355746,0.006531918,0.06935894,0.021843058999999998,0.012119353000000001,0.013818653
418,0.006356914,0.006362989,0.005143653,0.005824312,0.005980336,0.004966895,0.003409278,0.01109905,0.004966415,0.005824312,0.008159887
419,0.001307347,0.001308603,0.001056806,0.001197304,0.001148315,0.001183493,0.000754983,0.0015614670000000002,0.0014271770000000002,0.001197304,0.001680565
420,0.003984782,0.004510831,0.003645121,0.004128302,0.003959862,0.002637638,0.0035124590000000003,0.005071745999999999,0.00421586,0.004128302,0.008356276999999999
421,0.006558461999999999,0.007135252,0.006774626,0.007135252,0.0062777,0.006999909,0.0045091720000000005,0.033583935,0.007063648000000001,0.007135252,0.007135252
422,0.002764356,0.002767008,0.0022352170000000003,0.002531983,0.002531983,0.002631151,0.002531983,0.014082939,0.0021362160000000002,0.002531983,0.0027043740000000003
423,0.010541344,0.010551375,0.008536316,0.009661567,0.008502989,0.007872679,0.005664491,0.04006183,0.009564851,0.009661567,0.010314358000000001
424,0.008625063,0.008934213,0.007893,0.008934213,0.0069959969999999995,0.008089948000000001,0.005831596999999999,0.09328993,0.008844717,0.008934213,0.009538334
425,0.003497969,0.003497969,0.003320562,0.003497969,0.003497969,0.0024740879999999997,0.0020919420000000003,0.102863416,0.011176044,0.003497969,0.004572835
426,0.001761849,0.00176354,0.001424331,0.00161361,0.00161361,0.001030022,0.0013723820000000001,0.002480203,0.001375074,0.00161361,0.0032746470000000003
427,0.0014165760000000001,0.001685134,0.001360985,0.00154186,0.00154186,0.001689115,0.001083414,0.012365446,0.001607601,0.00154186,0.001646949
428,0.008454009,0.008462071,0.006843259,0.007747075999999999,0.007105583,0.004915952,0.006594974,0.01611688,0.009272546,0.007747075999999999,0.019056132
429,0.0019953320000000003,0.002373351,0.0019170720000000001,0.00217169,0.002082915,0.0017527089999999999,0.001269271,0.0026437659999999997,0.0025881529999999997,0.00217169,0.0030470370000000003
430,0.0007532999999999999,0.00068986,0.000608872,0.00068986,0.00066162,0.000636221,0.00068986,0.0008400910000000001,0.000587799,0.00068986,0.000968503
431,0.002004851,0.002182049,0.002071243,0.002182049,0.001975997,0.001905193,0.001533546,0.014671558999999999,0.0033578590000000004,0.002182049,0.002182049
432,0.011372506000000001,0.011372506000000001,0.010800052,0.011372506000000001,0.008910074,0.010727458999999998,0.01054492,0.072755866,0.015068749,0.011372506000000001,0.011372506000000001
433,0.00069819,0.000639389,0.000564322,0.000639389,0.000613213,0.0005896709999999999,0.000639389,0.000778637,0.000544791,0.000639389,0.000897664
434,0.0025138960000000003,0.002735962,0.002597101,0.002735962,0.0026241809999999997,0.002494208,0.0015994429999999999,0.011292375,0.003407046,0.002735962,0.002735962
435,0.000758223,0.0006943689999999999,0.000612852,0.0006943689999999999,0.0006943689999999999,0.0006403790000000001,0.00043776599999999997,0.0008455810000000001,0.000591641,0.0006943689999999999,0.000974831
436,0.0007532999999999999,0.00068986,0.000608872,0.00068986,0.00066162,0.000636221,0.00068986,0.0008400910000000001,0.000587799,0.00068986,0.000968503
437,0.0047799999999999995,0.004952019,0.0047012140000000004,0.004952019,0.00475013,0.004222469,0.00322781,0.024018211,0.004902216,0.004952019,0.004952019
438,0.00098652,0.000987468,0.0007974130000000001,0.000903457,0.00086648,0.00077623,0.0008370669999999999,0.001100152,0.00076982,0.000903457,0.001268265
439,0.001437546,0.0013165579999999998,0.001162082,0.0013165579999999998,0.0013165579999999998,0.001083442,0.000830217,0.002274065,0.001939511,0.0013165579999999998,0.001847863
440,0.0017126560000000001,0.001714301,0.001384549,0.00156855,0.001504393,0.0014573639999999998,0.00156855,0.002155822,0.001336666,0.00156855,0.002201325
441,0.0031070940000000003,0.0031070940000000003,0.002949453,0.0031070940000000003,0.002980195,0.002142119,0.0017997479999999999,0.005696741,0.003514807,0.0031070940000000003,0.007207064
442,0.006225385999999999,0.006231336,0.0050371009999999996,0.005703741,0.005471373000000001,0.0049128340000000005,0.003338533,0.024739372000000003,0.004814596,0.005703741,0.006454503
443,0.006076065,0.007221593,0.00583869,0.006610713000000001,0.005642026,0.004095057,0.003958473,0.052802466,0.021832727000000003,0.006610713000000001,0.007543524
444,0.018803613,0.01882138,0.015251271,0.017246285,0.016551508,0.01512317,0.015998175,0.09844313,0.017683988,0.017246285,0.019486586
445,0.0025504489999999998,0.002336015,0.00206217,0.002336015,0.002141615,0.002012335,0.001641828,0.009854508,0.00231246,0.002336015,0.002495097
446,0.005168106,0.005173051,0.004403946,0.00473463,0.004861608,0.00467637,0.0030858770000000003,0.006428486,0.00696363,0.00473463,0.006636154
447,0.002035899,0.002037853,0.0017340620000000002,0.001864646,0.001864646,0.001289925,0.001114407,0.004850602,0.001864646,0.001864646,0.003783117
448,0.002097786,0.0022831789999999998,0.002167248,0.0022831789999999998,0.0022831789999999998,0.001396229,0.0013220439999999999,0.0053520469999999995,0.001945855,0.0022831789999999998,0.005301734000000001
449,0.001580191,0.001879709,0.0015181889999999999,0.00171992,0.00171992,0.001291952,0.001119806,0.0062209069999999995,0.001465691,0.00171992,0.002413611
450,0.003939166,0.003939166,0.0037394670000000002,0.003939166,0.003778413,0.002516623,0.003351443,0.01584673,0.008818708,0.003939166,0.007469137
451,0.006167598000000001,0.00697979,0.005642928,0.006389232,0.00612911,0.004085531,0.005437955,0.03325508,0.013052166,0.006389232,0.00729102
452,0.000754993,0.00069141,0.00061024,0.00069141,0.000663107,0.0005896709999999999,0.0006405919999999999,0.000841979,0.00058912,0.00069141,0.0009706789999999999
453,0.007958165,0.007965758,0.006441276,0.007292391,0.006867303000000001,0.004584265,0.004367861,0.013645008,0.008641649,0.007292391,0.011898961000000001
454,0.005411582,0.005416758000000001,0.004377947,0.004957785,0.005090717,0.004312216,0.003231575,0.008198159,0.007291075,0.004957785,0.006948308
455,0.000988491,0.000989441,0.000799007,0.000905262,0.0008682119999999999,0.0008410539999999999,0.000905262,0.00110235,0.0007713589999999999,0.000905262,0.001270798
456,0.0037537959999999998,0.003757393,0.00303584,0.003438537,0.003114205,0.002202896,0.00205635,0.013355688000000001,0.00584212,0.003438537,0.0069650319999999995
457,0.001859507,0.001861292,0.001503309,0.001703066,0.001703066,0.001466094,0.00157801,0.0066803,0.001503943,0.001703066,0.002533268
458,0.009719417,0.010571241,0.009341043,0.010571241,0.008862053,0.006360141,0.006340165,0.08225274,0.015705876,0.010571241,0.025895365
459,0.0024319579999999997,0.0024342920000000002,0.00196632,0.0022274639999999997,0.0022274639999999997,0.0019162029999999998,0.001450516,0.006926646,0.0018983560000000001,0.0022274639999999997,0.003125222
460,0.001057678,0.001057678,0.0010039110000000001,0.001057678,0.001086151,0.000951145,0.000617886,0.002700155,0.00089215,0.001057678,0.001057678
461,0.002269931,0.002272109,0.001835258,0.002079033,0.002079033,0.0019123520000000002,0.0013537879999999999,0.012194328999999999,0.00447176,0.002079033,0.002220653
462,0.036754757,0.039880577,0.037928175,0.039880577,0.03615832,0.041171256,0.026316457999999997,0.09508095,0.047360905,0.039880577,0.042176615
463,0.009691744,0.01054117,0.010010145,0.01054117,0.008257239,0.006380871,0.006322055,0.20833446,0.029548956,0.01054117,0.011262255
464,0.00669704,0.0072859280000000005,0.00691774,0.0072859280000000005,0.0066563740000000005,0.007022973,0.004752973,0.031315375,0.012017917,0.0072859280000000005,0.0072859280000000005
465,0.039225977,0.04632998,0.03774269,0.042552672,0.035860047,0.027600573,0.025855707000000002,0.19674766,0.15979211,0.042552672,0.061798517000000004
466,0.010937883999999998,0.010948288999999998,0.008858108,0.010025348,0.00972251,0.006040312,0.006011435,0.0656939,0.022055212,0.010025348,0.015418288999999996
467,0.001513576,0.00151503,0.001223561,0.001386198,0.00132949,0.001287921,0.001386198,0.002816377,0.00118124,0.001386198,0.0019455520000000001
468,0.0042395720000000005,0.00504062,0.00407365,0.004613372,0.004425228,0.003192448,0.0029787140000000004,0.023560293,0.005868111,0.004613372,0.006437861
469,0.010393722,0.010403615,0.008416534,0.009526146999999999,0.008632589,0.006186809000000001,0.008111635,0.09077645,0.01317024,0.009526146999999999,0.013267631
470,0.019159488,0.019159488,0.018202282,0.019159488,0.018389072,0.01327548,0.011173611000000002,0.0737691,0.031470552,0.019159488,0.024926504
471,0.005739883,0.005739883,0.005449394000000001,0.005739883,0.005739883,0.003885768,0.003084416,0.034985973999999996,0.005392421,0.005739883,0.0074984740000000015
472,0.00170508,0.00170508,0.001618455,0.00170508,0.001649109,0.001439826,0.001579875,0.006249362,0.0017777679999999999,0.00170508,0.0018073829999999999
473,0.000407189,0.00042191,0.00037236699999999997,0.00042191,0.00042191,0.000359813,0.000390892,0.000513819,0.000359476,0.00042191,0.000592388
474,0.003505247,0.0035086059999999996,0.0028346940000000004,0.0032107940000000003,0.003079674,0.003101097,0.002026136,0.010155771,0.0033474570000000003,0.0032107940000000003,0.003429244
475,0.0064264759999999995,0.007637561,0.006175496999999999,0.006991741,0.006584062,0.003984535,0.004187275,0.013596998,0.009657598,0.006991741,0.01823331
476,0.003719026,0.00372259,0.0030077,0.0034066770000000003,0.00308534,0.0033881809999999997,0.002395089,0.023432877,0.002874583,0.0034066770000000003,0.003638404
477,0.0017613320000000004,0.002095113,0.001692235,0.001917048,0.0018386639999999998,0.0017586879999999998,0.0012091530000000001,0.0023339000000000003,0.00228479,0.001917048,0.002690033
478,0.000879645,0.000805574,0.0007110110000000001,0.000805574,0.0007726,0.0007429439999999999,0.000805574,0.00139197,0.0006864060000000001,0.000805574,0.001130902
479,0.00052677,0.000482399,0.000425756,0.000482399,0.00046264699999999995,0.00044488300000000003,0.000482399,0.000663281,0.0005081230000000001,0.000482399,0.000677302
480,0.0021249479999999998,0.002406065,0.001943509,0.002201631,0.002111634,0.001972563,0.002201631,0.003964980999999999,0.0018574029999999999,0.002201631,0.002351582
481,0.00048116900000000004,0.00044063699999999996,0.000388896,0.00044063699999999996,0.000422595,0.00040711699999999997,0.00044063699999999996,0.000510983,0.000375434,0.00044063699999999996,0.000706995
482,0.007119551,0.00712635,0.005761579,0.006523473,0.005801253,0.005325588000000001,0.00425445,0.027264137,0.0064579680000000006,0.006523473,0.006965728000000001
483,0.004379325,0.004957199999999999,0.004006168,0.004536991,0.004351948,0.002899185,0.00243666,0.00900297,0.003867972,0.004536991,0.011212965
484,0.0009490639999999999,0.000869152,0.000767132,0.000869152,0.0008335780000000001,0.0008015839999999999,0.000869152,0.0017137729999999998,0.0007405860000000001,0.000869152,0.001220125
485,0.0007532999999999999,0.00068986,0.000608872,0.00068986,0.00066162,0.000636221,0.00068986,0.0008400910000000001,0.000587799,0.00068986,0.000968503
486,0.004460026,0.0050484959999999995,0.004080021,0.0046205840000000005,0.004220354,0.003963891,0.0042822120000000005,0.040318005,0.007101063,0.0046205840000000005,0.004934474
487,0.0061105740000000006,0.006648238000000001,0.00631207,0.006648238000000001,0.0058978830000000005,0.005668933,0.004336008,0.024096344,0.006581489,0.006648238000000001,0.007045034
488,0.0040280179999999995,0.004031877,0.00343185,0.003689814,0.0035392009999999996,0.004353541,0.002594369,0.011706144,0.005673474,0.003689814,0.004176604
489,0.0007328689999999999,0.0006711489999999999,0.0005923559999999999,0.0006711489999999999,0.000643674,0.000703148,0.000423123,0.000817308,0.000571855,0.0006711489999999999,0.000942241
490,0.000754993,0.00069141,0.00061024,0.00069141,0.000663107,0.0005896709999999999,0.0006405919999999999,0.000841979,0.00058912,0.00069141,0.0009706789999999999
491,0.018383905,0.018401263,0.014909648000000001,0.01686074,0.013225866000000001,0.014519026,0.015640087,0.14314770000000002,0.018521124,0.01686074,0.017991116
492,0.0016646739999999999,0.0016662720000000001,0.001345746,0.001524599,0.0014622370000000001,0.001416524,0.001524599,0.0018562729999999999,0.001299204,0.001524599,0.002139681
493,0.0019123279999999998,0.0019141639999999999,0.0015460270000000002,0.001751451,0.0016798260000000001,0.001425054,0.001140348,0.00301602,0.001492569,0.001751451,0.002457828
494,0.001590632,0.00159216,0.001285872,0.0014567789999999998,0.0014567789999999998,0.001251729,0.0013497829999999998,0.003999043,0.0014567789999999998,0.0014567789999999998,0.002044555
495,0.005591316999999999,0.005596664,0.00476488,0.005122526,0.0045057759999999995,0.004799606,0.0029976079999999997,0.015338751000000001,0.006124941,0.005122526,0.00547033
496,0.002739055,0.002741682,0.002214748,0.002508804,0.002406281,0.00224785,0.0015827410000000001,0.004317825,0.002138217,0.002508804,0.003519552
497,0.0015045929999999998,0.001506038,0.001216298,0.001377971,0.001321599,0.001174341,0.001276756,0.001677799,0.001174227,0.001377971,0.0019340120000000001
498,0.000894775,0.001013313,0.000818288,0.000927106,0.000889162,0.000805717,0.000927106,0.001774647,0.000976521,0.000927106,0.00130145
499,0.00426605,0.004270135,0.0034504590000000003,0.003907939,0.003748455,0.003239161,0.0022856960000000003,0.010138784,0.003297811,0.003907939,0.00417362
500,0.0007532999999999999,0.00068986,0.000608872,0.00068986,0.00066162,0.000636221,0.00068986,0.0008400910000000001,0.000587799,0.00068986,0.000968503
501,0.0045543,0.0045543,0.004323551,0.0045543,0.004368554,0.0028324440000000004,0.0027248359999999996,0.021578666,0.004278298,0.0045543,0.004867855999999999
502,0.000760145,0.00069613,0.000614406,0.00069613,0.00069613,0.0006420040000000001,0.00069613,0.00146982,0.000587151,0.00069613,0.0007436189999999999
503,0.004943147,0.004947878,0.003998627,0.004528455,0.00426379,0.003669215,0.002951287,0.014612944,0.004482893,0.004528455,0.0051253159999999996
504,0.005604238,0.005609598,0.004533975,0.005134372,0.004925085,0.004487250999999999,0.0030045540000000004,0.013563718,0.004333602,0.005134372,0.005482973
505,0.00280067,0.00280067,0.002658533,0.00280067,0.002686253,0.002751859,0.001968676,0.014535115,0.003350255,0.00280067,0.00280067
506,0.003037793,0.0034392570000000003,0.002778628,0.0031473140000000004,0.0030187770000000003,0.002916128,0.0031473140000000004,0.011170454,0.003918898,0.0031473140000000004,0.003361458
507,0.0008760860000000001,0.000876928,0.000708133,0.0008023139999999999,0.0007694739999999999,0.000697253,0.0008023139999999999,0.00097701,0.000683628,0.0008023139999999999,0.0011263269999999999
508,0.013566942,0.013579811,0.011575365,0.012437822,0.011412381999999999,0.013888912,0.008768099,0.056765515,0.012313671000000002,0.012437822,0.013275674
509,0.0031759809999999996,0.003595642,0.0029050609999999996,0.003290467,0.003156103,0.0028280479999999997,0.003049203,0.014361478,0.002776475,0.003290467,0.0035143179999999998
510,0.0021022529999999997,0.001925429,0.001699635,0.001925429,0.0018467029999999999,0.001788992,0.001214443,0.004525391,0.0016243179999999998,0.001925429,0.0020566079999999997
511,0.0016131779999999998,0.00147743,0.001304104,0.00147743,0.001416995,0.001260177,0.001368919,0.0029356259999999998,0.00147743,0.00147743,0.002073522
512,0.000665695,0.000609629,0.000538054,0.000609629,0.0005846709999999999,0.0005622240000000001,0.000609629,0.0007423999999999999,0.000519431,0.000609629,0.000855892
513,0.006522778000000001,0.006522778000000001,0.006192916999999999,0.006522778000000001,0.005958771999999999,0.004536457,0.004253995,0.013942718,0.007689252,0.006522778000000001,0.007447636
514,0.033036847,0.035858244,0.035858244,0.035858244,0.030185313999999998,0.026321491000000002,0.023263818,0.17451711,0.11836348,0.035858244,0.07971906
515,0.002233809,0.0020459420000000002,0.00180604,0.0020459420000000002,0.001962297,0.0017741620000000001,0.001290513,0.006811221,0.0017260160000000001,0.0020459420000000002,0.002185313
516,0.003255945,0.003259067,0.002632957,0.002982372,0.002860553,0.002771245,0.002982372,0.008417319,0.002516383,0.002982372,0.00318533
517,0.002947228,0.002950053,0.0023831679999999997,0.002699524,0.002589228,0.002196835,0.0015781170000000002,0.005537052,0.003216882,0.002699524,0.003786817
518,0.0007532999999999999,0.00068986,0.000608872,0.00068986,0.00066162,0.000636221,0.00068986,0.0008400910000000001,0.000587799,0.00068986,0.000968503
519,0.0060813230000000005,0.006087136,0.004920399999999999,0.005571682,0.005344665,0.004975854,0.0032610559999999996,0.02519532,0.006933481,0.005571682,0.005949797
520,0.0013434329999999998,0.0012303560000000002,0.001085984,0.0012303560000000002,0.001263472,0.000995466,0.000800924,0.001739936,0.0010484160000000001,0.0012303560000000002,0.001830546
521,0.0031551129999999998,0.003158138,0.002551369,0.002889988,0.002889988,0.00253494,0.001823478,0.006008145,0.003043705,0.002889988,0.0031726529999999997
522,0.011509728,0.013665591999999999,0.011062438,0.012516475,0.009808803,0.008095537,0.007512746,0.040529907000000004,0.020440161000000002,0.012516475,0.017411793000000002
523,0.0007532999999999999,0.00068986,0.000608872,0.00068986,0.00066162,0.000636221,0.00068986,0.0008400910000000001,0.000587799,0.00068986,0.000968503
524,0.001039376,0.001040375,0.0008401460000000001,0.000951867,0.000977494,0.0008646610000000001,0.0008819230000000002,0.0011590889999999999,0.000811075,0.000951867,0.001336196
525,0.001837664,0.001839428,0.0014856429999999998,0.0016830570000000002,0.001614224,0.0015637670000000002,0.0016830570000000002,0.002379687,0.00143427,0.0016830570000000002,0.002361916
526,0.005987318,0.0065142080000000005,0.005753391,0.0065142080000000005,0.00588711,0.004334312,0.003900534,0.036166452,0.016839774,0.0065142080000000005,0.007876797
527,0.005026205,0.005974991999999999,0.004829646,0.005468982,0.005246128,0.0035791720000000007,0.003171003,0.010733583,0.007518070999999999,0.005468982,0.011054761000000001
528,0.003298262,0.003417141,0.00324382,0.003417141,0.003277622,0.002734119,0.00313713,0.01724689,0.0038453370000000003,0.003417141,0.004467288
529,0.002865627,0.002868375,0.0023171479999999998,0.002624763,0.00253868,0.001579646,0.002232709,0.004770919,0.003431868,0.002624763,0.005639162
530,0.005224225,0.005229224,0.004226228,0.0047860690000000004,0.004590914000000001,0.003064243,0.004072502,0.015843375,0.009793643000000001,0.0047860690000000004,0.007625142
531,0.040878665,0.044339052999999996,0.044339052999999996,0.044339052999999996,0.037376437,0.033270272999999996,0.02696088,0.11290599400000001,0.08666298,0.044339052999999996,0.06047553
532,0.003610949,0.0036144090000000003,0.0029202340000000003,0.0033076459999999996,0.002821593,0.002674507,0.00215474,0.021664346,0.005086901,0.0033076459999999996,0.003532662
533,0.022646334,0.022667615,0.018381627,0.020777494,0.018848626,0.014183736,0.012513075,0.103205495,0.06423592,0.020777494,0.025048328999999998
534,0.012662683999999999,0.012662683999999999,0.012026077,0.012662683999999999,0.010816841,0.008685301,0.007600951,0.09559563,0.040036857,0.012662683999999999,0.014328327
535,0.017273703999999997,0.020486819,0.016606176,0.018775051,0.01576057,0.01445444,0.012297357,0.11370392,0.025063861,0.018775051,0.027696492000000003
536,0.0009490639999999999,0.000869152,0.000767132,0.000869152,0.0008335780000000001,0.0008015839999999999,0.000869152,0.0017137729999999998,0.0007405860000000001,0.000869152,0.001220125
537,0.0018573189999999999,0.0019243620000000002,0.0016986920000000001,0.0019243620000000002,0.001764159,0.0018501670000000002,0.0019243620000000002,0.015294624,0.00190495,0.0019243620000000002,0.002055468
538,0.002312384,0.0023146029999999997,0.0018695970000000002,0.0021179239999999998,0.0020313420000000002,0.001462121,0.0019441670000000001,0.003254477,0.00180497,0.0021179239999999998,0.005253135
539,0.008490288,0.008498384,0.00687267,0.007780341,0.0075448059999999985,0.0070513580000000015,0.007212252,0.030473016000000002,0.006806542,0.007780341,0.009482528
540,0.001238774,0.0012399639999999999,0.001001361,0.001134496,0.0010880739999999999,0.0009747660000000001,0.001051146,0.001466986,0.000966718,0.001134496,0.001592447
541,0.002139388,0.002544629,0.00205549,0.002328449,0.002233281,0.0024462,0.001468862,0.005131613,0.0024276470000000002,0.002328449,0.0024870170000000002
542,0.004063895,0.004067788,0.003286825,0.00372269,0.003273926,0.003432995,0.00372269,0.014368,0.003685205,0.00372269,0.003975828
543,0.011248045,0.011258741000000001,0.009109835,0.010309901,0.00907429,0.008422622,0.006732791,0.027316736,0.010309901,0.010309901,0.01441813
544,0.011446198999999999,0.01185526,0.011258783,0.01185526,0.010719546000000002,0.00919125,0.01089136,0.23873553,0.024080208,0.01185526,0.016372312
545,0.0026521120000000003,0.0026546559999999996,0.002144412,0.002429151,0.0023298760000000003,0.0015880789999999998,0.001406654,0.003732094,0.002070306,0.002429151,0.0049255570000000005
546,0.004952498,0.004957237,0.004006199,0.004537025,0.0041095079999999996,0.002727565,0.0027144820000000003,0.025994563,0.004297696,0.004537025,0.009179731
547,0.0019348129999999999,0.00193667,0.0015642120000000002,0.0017720479999999996,0.001819716,0.001432425,0.001641935,0.005143662,0.002207224,0.0017720479999999996,0.001892796
548,0.002956155,0.002956155,0.00280615,0.002956155,0.002835404,0.0029625159999999997,0.001925527,0.009283885,0.003681049,0.002956155,0.002956155
549,0.002245992,0.0022481470000000003,0.001815894,0.002057101,0.0019730010000000003,0.0017677029999999996,0.001339497,0.004388031,0.002166615,0.002057101,0.003297364
550,0.02564086,0.02564086,0.02436789,0.02564086,0.0234628,0.014758246000000001,0.015472566,0.13654275,0.043743588,0.02564086,0.03985625
551,0.006941701,0.007855026999999999,0.006351600000000001,0.007190952,0.006898417,0.006931399999999999,0.006665609,0.026250139,0.008944965,0.007190952,0.007678109
552,0.0023639439999999998,0.0026765929999999997,0.002162142,0.002449229,0.002449229,0.0023091270000000002,0.002269507,0.034423828,0.00255356,0.002449229,0.002616001
553,0.006226621999999999,0.006232573000000001,0.005038102,0.005704874,0.005018364,0.0043706000000000005,0.003719513,0.024965458,0.005647541999999999,0.005704874,0.0060919730000000005
554,0.006524493,0.007098317,0.006739545,0.007098317,0.006809524,0.004348976,0.004587225,0.03379684,0.007984100000000001,0.007098317,0.00758569
555,0.008069783,0.008077481,0.006531756999999999,0.007394739,0.007394739,0.004479756,0.004429347,0.043878794000000006,0.010575797,0.007394739,0.012065175
556,0.000665695,0.000609629,0.000538054,0.000609629,0.0005846709999999999,0.0005622240000000001,0.000609629,0.0007423999999999999,0.000519431,0.000609629,0.000855892
557,0.0044046879999999995,0.004408906,0.003562687,0.004034985,0.003654601,0.002441149,0.002413625,0.015146903,0.0034397359999999997,0.004034985,0.008168173
558,0.00141573,0.00141709,0.001144442,0.001296576,0.00124353,0.001047985,0.001201332,0.001578723,0.001104854,0.001296576,0.0018198320000000002
559,0.004106393,0.004110326,0.003321223,0.003761633,0.0033081890000000004,0.003730458,0.002374221,0.013450515,0.0037237570000000003,0.003761633,0.004017408
560,0.003682265,0.004378475,0.003538076,0.004007125,0.0038853679999999997,0.0034692459999999996,0.002611049,0.027795441,0.004725863,0.004007125,0.004279521
561,0.011086825,0.01109737,0.008978985,0.01016199,0.009749778,0.00821414,0.0059591309999999995,0.035695206,0.017588068000000002,0.01016199,0.010848223
562,0.001149145,0.0010524039999999998,0.0009288930000000001,0.0010524039999999998,0.0009252389999999999,0.000935976,0.0009750789999999999,0.00293746,0.0010524039999999998,0.0010524039999999998,0.001477266
563,0.0007532999999999999,0.00068986,0.000608872,0.00068986,0.00066162,0.000636221,0.00068986,0.0008400910000000001,0.000587799,0.00068986,0.000968503
564,0.034998752,0.032144077,0.028475648,0.032144077,0.029542557999999997,0.023262506000000002,0.019448312,0.21444052,0.08399406,0.032144077,0.046912953
565,0.0009154969999999999,0.0008384089999999999,0.000739995,0.0008384089999999999,0.0008384089999999999,0.00058444,0.000712987,0.001755442,0.0008384089999999999,0.0008384089999999999,0.001702821
566,0.003426597,0.004074665,0.0032923859999999996,0.0037289859999999997,0.003829095,0.002237364,0.0022303089999999998,0.008976025,0.003178735,0.0037289859999999997,0.009227038
567,0.0010754669999999999,0.000984922,0.000869325,0.000984922,0.000944615,0.0008512610000000001,0.000984922,0.001142062,0.0008392460000000001,0.000984922,0.0015797720000000001
568,0.0022699829999999997,0.0022699829999999997,0.002154721,0.0022699829999999997,0.002177198,0.002098009,0.001326774,0.004340325,0.002677976,0.0022699829999999997,0.0022699829999999997
569,0.0007532999999999999,0.00068986,0.000608872,0.00068986,0.00066162,0.000636221,0.00068986,0.0008400910000000001,0.000587799,0.00068986,0.000968503
570,0.001680346,0.001538955,0.001358421,0.001538955,0.0013530789999999999,0.0013277629999999998,0.001538955,0.003543492,0.001523424,0.001538955,0.0016438470000000001
571,0.001270897,0.001270897,0.0012063039999999998,0.001270897,0.001270897,0.000982288,0.00080141,0.002642624,0.0010829680000000001,0.001270897,0.0016699999999999998
572,0.001577667,0.0015791820000000002,0.0012753880000000001,0.001444903,0.001385797,0.00134247,0.001444903,0.003154215,0.0012312760000000001,0.001444903,0.0020278979999999998
573,0.01442438,0.015682025,0.014895913,0.015682025,0.013157492,0.009471723,0.00942486,0.1107282,0.025707072,0.015682025,0.037848912
574,0.0011991789999999999,0.00109823,0.000969347,0.00109823,0.00105329,0.001012871,0.000692485,0.001337273,0.00093581,0.00109823,0.001541564
575,0.002499362,0.002720148,0.0025820870000000003,0.002720148,0.002720148,0.002184072,0.0017551329999999999,0.014121551000000001,0.003782145,0.002720148,0.003556862
576,0.000886738,0.00088759,0.000716744,0.0008120689999999999,0.0008339360000000001,0.000692008,0.0007523889999999999,0.0010000089999999998,0.0008553580000000001,0.0008120689999999999,0.001140017
577,0.0009490639999999999,0.000869152,0.000767132,0.000869152,0.0008335780000000001,0.0008015839999999999,0.000869152,0.0017137729999999998,0.0007405860000000001,0.000869152,0.001220125
578,0.004770808,0.004775374000000001,0.003859092,0.004370512,0.004192230999999999,0.003806958,0.004370512,0.006036749,0.003860717,0.004370512,0.006995788
579,0.00061315,0.00061374,0.00049558,0.0005615069999999999,0.0005615069999999999,0.000521667,0.0005615069999999999,0.000683805,0.000478426,0.0005615069999999999,0.000788347
580,0.0017672279999999996,0.001768925,0.001428681,0.0016185379999999999,0.00155234,0.0014239429999999998,0.001137319,0.002948633,0.0023840379999999998,0.0016185379999999999,0.0022714320000000003
581,0.005786629000000001,0.00687797,0.0055604980000000005,0.00629597,0.00629597,0.004352105,0.004067554,0.04704036,0.013209694,0.00629597,0.008780018
582,0.021478532,0.025453543,0.02065192,0.023336653,0.023336653,0.014987205,0.014068937,0.20146485,0.11002581,0.023336653,0.036773264
583,0.007643544,0.008314964000000001,0.007736157,0.008314964000000001,0.007098334,0.007939387,0.00542622,0.038135774,0.021159435,0.008314964000000001,0.00940618
584,0.007189389,0.006587503000000001,0.005818175,0.006587503000000001,0.00631936,0.0066719959999999995,0.003857241,0.020528167,0.008195538,0.006587503000000001,0.007034069
585,0.00038348699999999996,0.00038348699999999996,0.00036398,0.00038348699999999996,0.00038348699999999996,0.00034355599999999996,0.000355293,0.000569729,0.000403939,0.00038348699999999996,0.000504055
586,0.002295474,0.002297677,0.001855919,0.002102432,0.002102432,0.0018307970000000001,0.002102432,0.005389711,0.0018567020000000002,0.002102432,0.003126706
587,0.000985626,0.0011161860000000001,0.00090138,0.001021236,0.000979443,0.0009488089999999999,0.001021236,0.001516733,0.001075662,0.001021236,0.0014335329999999999
588,0.021005492999999997,0.022823647000000002,0.022823647000000002,0.022823647000000002,0.017926712,0.017813263,0.014832702,0.06606565,0.060496464000000014,0.022823647000000002,0.025790961
589,0.000736043,0.000762642,0.000673115,0.000762642,0.000731425,0.000650429,0.0007065919999999999,0.000928708,0.000649821,0.000762642,0.0010706510000000002
590,0.001759876,0.001761565,0.001422735,0.001611803,0.00154588,0.0011125430000000001,0.0014795070000000001,0.002477428,0.001373534,0.001611803,0.0032709859999999996
591,0.0032306279999999997,0.003347077,0.003177298,0.003347077,0.003347077,0.002657262,0.0028474409999999996,0.016453499,0.006859436,0.003347077,0.004375784000000001
592,0.009079794,0.009079794,0.008621736,0.009079794,0.008328872,0.008656351,0.006352979,0.09977417,0.018599346,0.009079794,0.010363417
593,0.0007532999999999999,0.00068986,0.000608872,0.00068986,0.00066162,0.000636221,0.00068986,0.0008400910000000001,0.000587799,0.00068986,0.000968503
594,0.002731468,0.002734088,0.002208611,0.002501853,0.002569103,0.002040929,0.0016293529999999998,0.006539151,0.002501853,0.002501853,0.00350981
595,0.009344366,0.00935327,0.00756527,0.008563625,0.0071766780000000014,0.007305906999999999,0.005588979,0.08667251,0.009509969,0.008563625,0.011984433999999999
596,0.001091143,0.001130561,0.000997887,0.001130561,0.001130561,0.000765485,0.000961477,0.005211378,0.001246089,0.001130561,0.001291095
597,0.001643927,0.001643927,0.001560405,0.001643927,0.0015766920000000002,0.001416432,0.001070301,0.002160937,0.001400916,0.001643927,0.0021599220000000003
598,0.044647004000000004,0.048410285,0.046060335,0.048410285,0.044386185999999994,0.03028872,0.02948567,0.15483093,0.21470055,0.048410285,0.06592622
599,0.000718242,0.000657752,0.000580531,0.000657752,0.000630825,0.000606608,0.000657752,0.000800997,0.000560439,0.000657752,0.0009234380000000001
600,0.001010549,0.000925465,0.00081684,0.000925465,0.000887588,0.000853522,0.000583511,0.0017715089999999999,0.000788575,0.000925465,0.001299147
601,0.00065067,0.0005958690000000001,0.000525909,0.0005958690000000001,0.0005958690000000001,0.000508181,0.000552069,0.000725646,0.000507706,0.0005958690000000001,0.000836579
602,0.001847691,0.0018494639999999999,0.001493752,0.001692242,0.001623034,0.0016958879999999998,0.001567979,0.0050581309999999996,0.001764384,0.001692242,0.0018075629999999999
603,0.00396539,0.00396539,0.003764366,0.00396539,0.003582772,0.003439217,0.002583816,0.020746287,0.00392547,0.00396539,0.00396539
604,0.004045758,0.0040496329999999995,0.0032721440000000003,0.00370607,0.00370607,0.002367506,0.0019896329999999998,0.014405546000000003,0.00417032,0.00370607,0.004230764000000001
605,0.0009490639999999999,0.000869152,0.000767132,0.000869152,0.0008335780000000001,0.0008015839999999999,0.000869152,0.0017137729999999998,0.0007405860000000001,0.000869152,0.001220125
606,0.001151205,0.001151205,0.001092689,0.001151205,0.0011040989999999999,0.0009663139999999999,0.0008088189999999999,0.001988694,0.001696051,0.001151205,0.001512779
607,0.005924637,0.005930301999999999,0.004793481,0.005428055,0.004958232,0.004627649,0.003538688,0.011324565,0.020806497,0.005428055,0.006142754
608,0.0038289390000000004,0.003832607,0.0030966559999999997,0.003507391,0.0033641990000000004,0.002861743,0.002051079,0.012133433999999998,0.005109715999999999,0.003507391,0.003745944
609,0.005847573000000001,0.006362244,0.006040449,0.006362244,0.006362244,0.004507186,0.003809308,0.15819891,0.016986838,0.006362244,0.008805011
610,0.023443948,0.023465974,0.019031968,0.021510735,0.019515155,0.01189993,0.012958513,0.029205102,0.035029814,0.021510735,0.051861547
611,0.000887495,0.000812763,0.000717356,0.000812763,0.000779495,0.000709735,0.00051243,0.001269034,0.001197622,0.000812763,0.001140991
612,0.0026899140000000003,0.002692494,0.002174993,0.0024637829999999998,0.002363096,0.002289284,0.0024637829999999998,0.004678682,0.0020998320000000003,0.0024637829999999998,0.003456455
613,0.002070311,0.0020722979999999998,0.001673799,0.001896168,0.001818636,0.001138732,0.0010171169999999999,0.002914066,0.00161593,0.001896168,0.0038469470000000003
614,0.000647892,0.000647892,0.0006149430000000001,0.000647892,0.000647892,0.000546006,0.00060027,0.000941126,0.000552037,0.000647892,0.000851518
615,0.001498972,0.0016974170000000001,0.001370908,0.0015531,0.001489574,0.001504677,0.0015531,0.004401243,0.001310138,0.0015531,0.001658954
616,0.014105613000000001,0.012932251,0.011430471999999999,0.012932251,0.012182439,0.007800838,0.00776361,0.14741416,0.031732146,0.012932251,0.017987208
617,0.006046224,0.006046224,0.006046224,0.006046224,0.006046224,0.00494092,0.003905855,0.012368958000000001,0.0075993580000000005,0.006046224,0.011442684
618,0.003645862,0.00433522,0.0035030940000000004,0.003967524,0.003805619,0.0034256020000000002,0.002320604,0.016268492,0.0060995680000000005,0.003967524,0.004237239
619,0.0009490639999999999,0.000869152,0.000767132,0.000869152,0.0008335780000000001,0.0008015839999999999,0.000869152,0.0017137729999999998,0.0007405860000000001,0.000869152,0.001220125
620,0.002603954,0.002606452,0.002105454,0.002385032,0.002287556,0.0019407920000000002,0.0013940860000000001,0.004695826,0.002032691,0.002385032,0.0033460829999999997
621,0.002177045,0.002179134,0.001760128,0.0019939429999999998,0.00191242,0.001376478,0.0018303389999999998,0.003064167,0.001699279,0.0019939429999999998,0.004044905
622,0.003324261,0.0033274479999999998,0.002688238,0.003044968,0.002952358,0.0024842320000000003,0.0019834379999999997,0.006820889,0.002595386,0.003044968,0.004270800999999999
623,0.0016844339999999998,0.001686051,0.001361726,0.001542699,0.001479598,0.0015855329999999999,0.001542699,0.0037838309999999997,0.001301363,0.001542699,0.0016478460000000001
624,0.0014210879999999998,0.0016905000000000002,0.001365321,0.001546771,0.001483503,0.00125027,0.001007012,0.002245921,0.001629159,0.001546771,0.002170778
625,0.00046972800000000004,0.00048670800000000003,0.00042955900000000004,0.00048670800000000003,0.00048670800000000003,0.000468061,0.00048670800000000003,0.0011328739999999999,0.000512662,0.00048670800000000003,0.0006833519999999999
626,0.003313397,0.0033165729999999997,0.002679446,0.003035012,0.002911049,0.0032171709999999996,0.001915086,0.009046155,0.00256082,0.003035012,0.00324154
627,0.0016192160000000001,0.001620771,0.001308987,0.001482961,0.0014222999999999998,0.0012143780000000001,0.001482961,0.001805594,0.001263714,0.001482961,0.00208128
628,0.0016088160000000001,0.001821776,0.001471382,0.0016669039999999999,0.0015987310000000002,0.001732249,0.0016669039999999999,0.004872843,0.001406165,0.0016669039999999999,0.001780501
629,0.001026566,0.001162543,0.000938824,0.001063654,0.001020127,0.000974668,0.001063654,0.0025127120000000003,0.001120338,0.001063654,0.001493051
630,0.0021168660000000002,0.001938816,0.0018030470000000001,0.001938816,0.001938816,0.0018977339999999999,0.001262422,0.005070538,0.001652285,0.001938816,0.0027205529999999997
631,0.00222962,0.00223176,0.001802653,0.002042105,0.002042105,0.0017548120000000001,0.0018922000000000001,0.004047490999999999,0.002569333,0.002042105,0.0028653690000000004
632,0.001181777,0.0013382860000000002,0.001080784,0.001224465,0.001224465,0.000989686,0.001134513,0.00545262,0.001032862,0.001224465,0.00130795
633,0.001920766,0.001920766,0.0018232029999999998,0.001920766,0.001688852,0.0017557000000000002,0.001122498,0.006384173000000001,0.00190139,0.001920766,0.002194549
634,0.011088233000000001,0.013166192,0.010657146000000001,0.012058562,0.010930083,0.008715511,0.007236549,0.11858952,0.016655112,0.012058562,0.016777826000000003
635,0.002380297,0.002382581,0.0019245310000000002,0.002180137,0.002180137,0.00175953,0.001419673,0.007628834,0.003210395,0.002180137,0.0030588779999999997
636,0.001928113,0.001929964,0.0015587939999999998,0.001765911,0.001693695,0.001299346,0.001620986,0.0027140740000000003,0.001504894,0.001765911,0.003583162
637,0.005318316,0.005323404,0.004302421,0.004872304,0.004673651,0.004217694,0.003175762,0.033227007999999995,0.008465899999999998,0.004872304,0.005203206
638,0.001818277,0.0018200220000000001,0.001469964,0.001665298,0.001597191,0.001547264,0.001665298,0.003884147,0.001404809,0.001665298,0.001778786
639,0.004254989,0.004259064,0.003441505,0.003897802,0.003738731,0.002807272,0.0035785459999999997,0.015227992,0.0036614390000000003,0.003897802,0.00444952
640,0.000562943,0.000515526,0.000454995,0.000515526,0.000494418,0.000475435,0.000515526,0.000627816,0.000439245,0.000515526,0.000723804
641,0.009490168,0.010322111,0.009802006,0.010322111,0.009432702,0.006054073,0.006190124,0.098056845,0.046680313,0.010322111,0.013465582
642,0.0033855440000000003,0.003388789,0.002737827,0.0031011159999999997,0.002974461,0.002145466,0.002846927,0.003589483,0.003166956,0.0031011159999999997,0.007174949
643,0.004225833,0.0038710840000000003,0.003417905,0.0038710840000000003,0.0032146379999999997,0.003340923,0.0038710840000000003,0.02078363,0.0038710840000000003,0.0038710840000000003,0.005427682
644,0.008783459,0.009554046,0.009072288000000001,0.009554046,0.008730235,0.005450821,0.00572774,0.13914222,0.014633308999999999,0.009554046,0.01908735
645,0.005200596,0.006182096999999999,0.004997250999999999,0.005658646999999999,0.00547361,0.00339778,0.003387077,0.053201165,0.010506085,0.005658646999999999,0.013961933000000001
646,0.003533365,0.004201541,0.003394987,0.00384514,0.00348259,0.003658202,0.002505357,0.021534134,0.004008694,0.00384514,0.004352333
647,0.00485872,0.005776075,0.00466868,0.00528682,0.00528682,0.004957654000000001,0.003338755,0.010010239,0.006296898,0.00528682,0.007408465
648,0.004019488,0.004019488,0.003815732,0.004019488,0.00385547,0.0039253859999999995,0.002826446,0.007208699,0.00500382,0.004019488,0.004591045
649,0.018930888,0.018948753999999998,0.015354877,0.017363204,0.014842466,0.015750602,0.016106773,0.16507015,0.017190738,0.017363204,0.01961839
650,0.0009490639999999999,0.000869152,0.000767132,0.000869152,0.0008335780000000001,0.0008015839999999999,0.000869152,0.0017137729999999998,0.0007405860000000001,0.000869152,0.001220125
651,0.006522249,0.007751241,0.006267553,0.007095878000000002,0.006243028,0.0069745269999999995,0.004484223,0.032987606,0.007024666,0.007095878000000002,0.007576642
652,0.008471178000000001,0.009583796,0.007752074,0.008774861,0.008418436999999999,0.00635002,0.008059371999999999,0.039108824,0.014511945,0.008774861,0.012224918000000001
653,0.016905464,0.020051494,0.016251918,0.018375403999999998,0.014418786999999999,0.013080237,0.011055658000000001,0.08971721,0.030789511000000002,0.018375403999999998,0.025503032000000002
654,0.002030523,0.002032472,0.00164162,0.0018597210000000002,0.001798684,0.001587931,0.001723181,0.002388506,0.002339972,0.0018597210000000002,0.002766078
655,0.02018487,0.020203901,0.016375937,0.01851531,0.017770326,0.018719474,0.012126138,0.07506825,0.021779403,0.01851531,0.019754386999999998
656,0.010072746,0.010072746,0.009565085,0.010072746,0.00924047,0.005992597,0.006039971999999999,0.29964578,0.018436847,0.010072746,0.013141304
657,0.003227668,0.0029564640000000002,0.002610077,0.0029564640000000002,0.002835701,0.0019751960000000002,0.0019077739999999999,0.008216316,0.003344479,0.0029564640000000002,0.005991532
658,0.000578395,0.000599301,0.0005289380000000001,0.000599301,0.000574765,0.000552699,0.000599301,0.000729825,0.000510631,0.000599301,0.000841396
659,0.004157055,0.004161037,0.003362232,0.003808058,0.003585345,0.003079427,0.002227185,0.009554958,0.003808058,0.003808058,0.005339448
660,0.01137605,0.01286525,0.010412946999999999,0.011782633,0.010372371,0.008626788,0.006850033,0.04618666,0.01551084,0.011782633,0.013435363
661,0.039744582,0.039744582,0.03779858,0.039744582,0.033478167,0.02217166,0.021110525,0.34943843,0.18704027,0.039744582,0.05138317
662,0.004019818,0.004023668,0.0032511479999999997,0.0036823,0.0035319920000000007,0.0027107890000000003,0.003380635,0.006299235,0.003760432,0.0036823,0.009112148
663,0.006538995,0.0071140859999999995,0.006754523,0.0071140859999999995,0.0071140859999999995,0.004054473,0.003719425,0.10836522,0.029286321,0.0071140859999999995,0.007602534
664,0.002556187,0.003040138,0.002455984,0.0027819790000000004,0.002690754,0.0024997279999999997,0.001811965,0.00570568,0.002929969,0.0027819790000000004,0.0039023540000000002
665,0.00406656,0.004425173,0.004200939,0.004425173,0.004041802,0.002519069,0.0026474420000000003,0.018260127,0.006085566999999999,0.004425173,0.008386998
666,0.021773793,0.021794282,0.017670434,0.019975483,0.02050278,0.012395686999999999,0.012026152,0.041688386,0.032561794,0.019975483,0.04826697
667,0.020904697,0.024776196,0.020099713999999998,0.022714326,0.020779558,0.013033457,0.013690288,0.17612779999999995,0.08109939999999999,0.022714326,0.031471017999999996
668,0.006171033,0.006176931,0.00499307,0.005653916,0.005482396,0.003406783,0.0048115879999999995,0.018278023,0.01584818,0.005653916,0.012104911999999999
669,0.008849479,0.009625803,0.008504682,0.009625803,0.009625803,0.006161095,0.005770923000000001,0.13330837,0.026093382000000002,0.009625803,0.014200261
670,0.010495785,0.012464119,0.010087496,0.011414868,0.010952395,0.010660484,0.0072251669999999985,0.037391573,0.016569603000000002,0.011414868,0.012184665
671,0.00596896,0.005974666,0.004829383,0.005468683,0.005615234,0.004714052,0.003565225,0.018932384,0.008400608,0.005468683,0.006188698
672,0.00298821,0.003553664,0.00287112,0.0032520390000000004,0.003339388,0.0028024240000000004,0.00190155,0.004493791,0.005052339,0.0032520390000000004,0.00520899
673,0.005241844,0.005703508,0.00541485,0.005703508,0.005059238,0.004606285,0.0037186209999999996,0.10602787,0.005703508,0.005703508,0.007930458
674,0.0023784410000000002,0.002380722,0.00192303,0.002178438,0.0020893879999999997,0.001813996,0.0013652039999999999,0.00392329,0.001837831,0.002178438,0.002326813
675,0.002229607,0.002231747,0.0018026420000000001,0.002042093,0.001958606,0.0016508,0.001329717,0.0039049490000000004,0.0017403260000000002,0.002042093,0.0028653529999999997
676,0.001424968,0.001305037,0.001151912,0.001305037,0.001305037,0.001081699,0.001197891,0.002006244,0.001112066,0.001305037,0.003240822
677,0.001240033,0.00113565,0.0010023789999999999,0.00113565,0.00108918,0.001009923,0.00113565,0.002238667,0.0009677010000000001,0.00113565,0.001594065
678,0.0013840229999999999,0.001385352,0.001118804,0.0012675339999999998,0.0012675339999999998,0.001249333,0.0012675339999999998,0.00364081,0.001069197,0.0012675339999999998,0.0013539510000000002
679,0.00585254,0.006956222,0.005623849,0.006367645999999999,0.005816971999999999,0.0043233740000000005,0.00381255,0.04578726,0.010670114,0.006367645999999999,0.008879719
680,0.02484013,0.02484013,0.023605947999999998,0.02484013,0.020872578,0.016681511,0.014984503,0.06365504,0.047863834,0.02484013,0.036700208
681,0.015134182,0.017106824,0.013857371,0.015672952,0.013952009,0.011266222,0.013358027,0.16072668,0.022852942,0.015672952,0.02177559
682,0.003226739,0.003229833,0.0026093229999999998,0.002955611,0.002834882,0.0025422039999999997,0.0017280079999999998,0.0062410519999999995,0.003486405,0.002955611,0.0031567559999999997
683,0.00414484,0.004691919,0.0037915859999999996,0.004294098,0.004118920999999999,0.0027752429999999997,0.003942513,0.004680514,0.004385157,0.004294098,0.008690388
684,0.002574594,0.002577064,0.002081702,0.0023581329999999997,0.002261754,0.002266434,0.00218508,0.006884338,0.001989486,0.0023581329999999997,0.002518719
685,0.0028453470000000002,0.00322146,0.002602557,0.002947949,0.002947949,0.002396292,0.002706282,0.009629449,0.002487327,0.002947949,0.004551246
686,0.004564233,0.004564233,0.0043329829999999995,0.004564233,0.004378084,0.003093803,0.002451322,0.019487202,0.004287632,0.004564233,0.00487847
687,0.002804731,0.002905873,0.002758412,0.002905873,0.002905873,0.002349458,0.0018927420000000002,0.029719457,0.004966205,0.002905873,0.0030800000000000003
688,0.03301543,0.035835065,0.035835065,0.035835065,0.03294499,0.02543892,0.021714197,0.14800563,0.09294184,0.035835065,0.049035452
689,0.0048970540000000005,0.005821604,0.004705522,0.005328514,0.005111354,0.00346052,0.003089375,0.021161396000000002,0.005994780999999999,0.005328514,0.006081507
690,0.009153646,0.009956385,0.008797103,0.009956385,0.009956385,0.006025475,0.005212572,0.31804258,0.053252082,0.009956385,0.013864488999999999
691,0.009300439,0.011047106000000001,0.00893823,0.01011592,0.00928011,0.008190269,0.006605664,0.055749923,0.014883093,0.01011592,0.010799075
692,0.004118954,0.004897324000000001,0.00416904,0.004482168,0.004109904,0.004199443,0.0029210729999999997,0.04364664,0.005359944,0.004482168,0.004786701
693,0.0015891289999999999,0.001590655,0.0012846560000000001,0.0014554020000000002,0.001395867,0.001352225,0.0014554020000000002,0.002830602,0.0018314339999999998,0.0014554020000000002,0.0021651360000000002
694,0.002570451,0.003057093,0.002469691,0.0027975,0.0027123959999999997,0.001680627,0.001672557,0.007446388000000002,0.002384369,0.0027975,0.0056703000000000005
695,0.005171012,0.006146965,0.004968818,0.005626473000000001,0.005626473000000001,0.003406143,0.003023315,0.013027772,0.006495000999999999,0.005626473000000001,0.011371273999999999
696,0.0014810020000000001,0.001482424,0.001197221,0.0013563610000000002,0.001300872,0.00116543,0.001256731,0.0016514960000000001,0.00115581,0.0013563610000000002,0.001903699
697,0.00292974,0.00293255,0.00236902,0.002683502,0.002573859,0.002446372,0.001747765,0.00657101,0.002264106,0.002683502,0.00286618
698,0.0009490639999999999,0.000869152,0.000767132,0.000869152,0.0008335780000000001,0.0008015839999999999,0.000869152,0.0017137729999999998,0.0007405860000000001,0.000869152,0.001220125
699,0.0011991789999999999,0.00109823,0.000969347,0.00109823,0.00105329,0.001012871,0.000692485,0.001337273,0.00093581,0.00109823,0.001541564
700,0.002223728,0.002223728,0.002110809,0.002223728,0.002223728,0.002289629,0.0015628570000000002,0.01845899,0.002769518,0.002223728,0.002357076
701,0.002038312,0.002040268,0.0016479189999999999,0.001866856,0.00179052,0.001499939,0.0017297929999999999,0.004576742,0.0015748889999999999,0.001866856,0.001994052
702,0.003357188,0.003360406,0.0027148809999999997,0.003075135,0.003157746,0.002490961,0.0028496140000000003,0.007643146,0.002716025,0.003075135,0.004571123
703,0.002636486,0.002636486,0.002502661,0.002636486,0.0025287589999999998,0.002291796,0.002636486,0.010111867,0.002224421,0.002636486,0.002636486
704,0.01550345,0.01550345,0.014726157,0.01550345,0.013654003,0.01443793,0.010939241,0.055151782999999996,0.018499488,0.01550345,0.01550345
705,0.004542863,0.004547213,0.003674546,0.004161612,0.004161612,0.002524756,0.0024894970000000002,0.0316043,0.006424182,0.004161612,0.005808476999999999
706,0.001795933,0.001797657,0.001451895,0.0016448320000000002,0.00157756,0.0015282470000000002,0.0016448320000000002,0.00200261,0.0014016870000000002,0.0016448320000000002,0.002308308
707,0.0014970329999999998,0.001780818,0.001438289,0.001629421,0.001562779,0.001040121,0.0009737330000000001,0.0028269470000000002,0.001716206,0.001629421,0.0040444240000000005
708,0.033575445,0.036441106,0.036441106,0.036441106,0.030678898,0.026871026,0.019324703000000002,0.15746553,0.16365287,0.036441106,0.047159832
709,0.002648567,0.002651107,0.002141544,0.002425903,0.00232676,0.0022540810000000002,0.001530395,0.003135679,0.002067536,0.002425903,0.0034033659999999997
710,0.000983707,0.000984652,0.0007951389999999999,0.0009008810000000001,0.0009008810000000001,0.0007281000000000001,0.000834679,0.001308467,0.001133803,0.0009008810000000001,0.0012646489999999999
711,0.003732552,0.004438228,0.003586401,0.004061831,0.004061831,0.002456911,0.00242971,0.038853347,0.008317985,0.004061831,0.006008168
712,0.0007532999999999999,0.00068986,0.000608872,0.00068986,0.00066162,0.000636221,0.00068986,0.0008400910000000001,0.000587799,0.00068986,0.000968503
