357,0.014779729739597814,0.016337009254615963,0.016046144274837616,0.014903787764022885,0.04382614497225784,0.014326863132876736,0.014313971644954732,0.15121211874302776,0.022178469513983095,0.01878354651972185,0.023477931534990122
358,0.0179423488467567,0.014786100499262319,0.01807826884018439,0.017502538046567713,0.014329897233927975,0.014328471557655821,0.01672734465450173,0.05956883928823515,0.0393735126665398,0.015712977630449643,0.02346455104261787
359,0.03716223646123229,0.022295712299208466,0.014144266104474128,0.015588424693705282,0.044276503632703586,0.01366597858446492,0.013635495989025413,0.41249171071361906,0.28849776606431377,0.013598810588790483,0.0189373067572478
360,0.015654090224639927,0.02775405011314323,0.01708055202993304,0.014400932377894585,0.022175589380974532,0.013722181628558594,0.01438835386317363,0.06221386462228589,0.020147269286695114,0.015512146315773249,0.014662642439669896
361,0.016545632416776333,0.017060507976244792,0.015349697620295998,0.015362536246822819,0.014370999368717904,0.014789824236522846,0.014369283464575148,0.15940355988895674,0.02103717491175618,0.01534608768170067,0.014542729745218802
362,0.015072038188876863,0.033899013819750495,0.017636850044455202,0.01764458432229127,0.02407571361852077,0.014814769256084144,0.014647604457911629,0.25204407294103515,0.09743259855367356,0.015354882908707129,0.015354603822139205
363,0.01790175058945247,0.018552595935526297,0.02081235657654228,0.020040679527905808,0.019005474085836863,0.014783157836237577,0.014694931163641834,0.014671337483786556,0.01469055037314599,0.014684241304628557,0.014747174766047843
364,0.013769690425418535,0.015424085414012844,0.014234203197977151,0.013734118155928971,0.01465028800865842,0.013789262304457714,0.013789262304457714,0.06561884794916219,0.06285052494068939,0.013775716088119434,0.016330021183969153
365,0.013827973199305815,0.01382940917456191,0.01383329723287031,0.015166961920456233,0.01383329723287031,0.01383329723287031,0.013832382324710157,0.09929099763984449,0.06571764449852019,0.013818680192414445,0.0144503029535305
366,0.013816370278532672,0.01638818468864316,0.013803174540401938,0.013805526074665004,0.016387941257260216,0.013800601710432538,0.013805526074665004,0.0194191410581992,0.01752475842068749,0.014760890032426376,0.018350167510128742
367,0.01457759699789599,0.013704494514859417,0.01487035258886773,0.015569585256592005,0.014628974910870446,0.03193713835358763,0.013779029423101979,0.0579193919808267,0.01682231421490393,0.01507797550911795,0.017322271114037724
368,0.038965488548086,0.05464887522827498,0.07555919537824173,0.04686043873524612,0.04614526409409216,0.01711651309314094,0.020811746052802445,0.08409182153836506,0.06999617992856441,0.018994907365053864,0.029337283753435292
369,0.014552546436792217,0.0145414913538479,0.013806384942697961,0.016003193456089936,0.016004973196521832,0.013793862997027048,0.01809635076417421,0.03580299774585043,0.015002847261402755,0.014463157835928837,0.015670167857911355
370,0.015050894421551489,0.015348112160164663,0.014709986018131865,0.013827611115555883,0.031065231759623155,0.013827611115555883,0.01382669657819206,0.07843910594077584,0.014116160686362431,0.013826068412019027,0.013838420072908314
371,0.013841067496272187,0.013842264235787957,0.013840894936226374,0.013826230424395704,0.03197591006201509,0.013839979532620578,0.013839979532620578,0.08027304222220241,0.014018512878027058,0.013827639850050456,0.01452966765348649
372,0.013828078648952715,0.016247379411424557,0.01383845924230422,0.013811851844146659,0.013840197321803761,0.013839281963689025,0.013839281963689025,0.18304223988233603,0.018404647713243065,0.013835708238480923,0.013865161239395489
373,0.016969089022911367,0.015637163016451544,0.017680074258434132,0.015621488868089176,0.015597398408711086,0.016189250912340008,0.014889989305420005,0.07738183823967448,0.05866467812432447,0.014949398709537038,0.014770236818876677
374,0.014447343361080438,0.014353248006281051,0.014231727548969675,0.013746282108598106,0.014666219796428728,0.01379044543384202,0.01373887897056707,0.10840840767280145,0.013967373341262506,0.013772543834215613,0.01738406206747266
375,0.013829213353553563,0.01383995079819605,0.013837371209531121,0.01383995079819605,0.023197257404372063,0.01383995079819605,0.013837371209531121,0.09152995549987865,0.022780193999907414,0.014804713699960398,0.01479213798570178
376,0.04936163048920552,0.015743910362349338,0.014396745419283256,0.02703603713547126,0.0208109384452365,0.017268797118490112,0.024256977497817706,0.03557605369324516,0.02596819755640806,0.019941591751293657,0.019252341278290754
377,0.027628802684306356,0.032673446556579964,0.04167721205407737,0.03850726520137419,0.03412900966074478,0.017248521646262508,0.01573440065583875,0.05399483569257248,0.05201722618894188,0.017892483697919945,0.018685786833974108
378,0.017957652883376824,0.029347551471580552,0.029074250219855238,0.027410869334697132,0.04734405873098042,0.017392321226832482,0.017231100490816397,0.15046965517443936,0.0317028628591359,0.018376624987471824,0.01835138284059403
379,0.013838869709461021,0.013840417323023647,0.013840712649088163,0.014727529275531686,0.013840712649088163,0.013840712649088163,0.018902463963569215,0.03297465884353332,0.013757940024448538,0.014972760884407074,0.017304665818496386
380,0.01394164000018063,0.013845349379135391,0.013842768798368908,0.01385456488209241,0.014963983795510815,0.0151940617243806,0.013845349379135391,0.09896204296327103,0.0330328064305206,0.013839718575002314,0.013834548567259792
381,0.01382843421117485,0.013833575264361042,0.013833870446478103,0.013833870446478103,0.014728885788653123,0.013832431385365902,0.014686538500959209,0.0316709634910611,0.013764387963231324,0.014959711703352916,0.018146705343683546
382,0.02450294894509145,0.01835426531940374,0.01740858251940929,0.023381425703511458,0.0207147695314292,0.01509728943610283,0.015099122877962192,0.09411281447027975,0.018254749907912315,0.016515385103333533,0.022031181086667077
383,0.014556897398152932,0.014638898367864426,0.014825812803451958,0.015220425860875969,0.07007416817103787,0.014580207547108376,0.014567750518937191,0.07125005295669525,0.02417555264324055,0.014568971613902915,0.017245964638545136
384,0.030521904198569223,0.01706572123461476,0.016620931525431194,0.014777137820383682,0.04252787847886616,0.014199968850978148,0.014195973990441077,0.169497434969915,0.063462625550434,0.014498326435876884,0.028167832286439525
385,0.026074413751857227,0.01379011263849727,0.01378227990327327,0.02110440305401883,0.015026846918978314,0.015026846918978314,0.015023298044735194,0.07822715326058768,0.023011255785206394,0.01759059778670325,0.016667115454190324
386,0.036559120914091164,0.017769856043252888,0.029095757369279676,0.02878182178652123,0.02646727051809695,0.015935182468873117,0.024028785166585305,0.02551886067218905,0.03717837390510448,0.016361468792788235,0.016149322395114237
387,0.02207228107386126,0.015936030998465793,0.01719047039747026,0.02533167983962619,0.03754079950874661,0.015751993409023567,0.015701530191271844,0.15096495945776425,0.03301157822238076,0.015683322938619258,0.015670363278863928
388,0.015854893201517894,0.015401610082245047,0.01592427228481621,0.014338592439437144,0.014654794770424749,0.014649243189021883,0.013741486406054243,0.03165788551979687,0.013684055825186019,0.014887423958126754,0.018995081794360092
389,0.015621133051073736,0.020746653434932944,0.017857764384270235,0.0183535479642375,0.015117700810908116,0.014217329855422406,0.01673954822106286,0.06706446965163783,0.03582274495180028,0.01643873735788732,0.014835394107400816
390,0.01492722256751903,0.014353986262440988,0.01533183604644715,0.013739904740543282,0.014648488164617059,0.014195292327867027,0.01421952238251646,0.05898447207459233,0.014501224240844017,0.014907479234894383,0.022614893862030125
391,0.013817474080088868,0.013806766892105223,0.01380115144622856,0.013809340855348086,0.013809340855348086,0.013806766892105223,0.01380897723061653,0.022738387865859924,0.014301778378149957,0.014767377794056109,0.014768671872092638
392,0.013806650084079006,0.014651477516215261,0.013770295896725274,0.01670825052266819,0.015518589782652812,0.013817000446336693,0.015402787949543095,0.20143544830320823,0.03988998016850461,0.01378323992324253,0.014542777933334843
393,0.013847507606386918,0.01385163790876857,0.013849056172367835,0.01385163790876857,0.014729319503267434,0.013849056172367835,0.013849056172367835,0.014220068289869083,0.013846414436585477,0.013843729265733648,0.0159536689655203
394,0.013822396650021083,0.013818001861707317,0.013812303808423698,0.01379679387949513,0.013818001861707317,0.014655938010576313,0.014655591436368076,0.04979168034228657,0.01805233427408827,0.01787075009951898,0.013802545449653114
395,0.016555787578769333,0.023899254750108068,0.018700883728093233,0.01742236240193198,0.032250173760257565,0.0149145915611953,0.015181487189905337,0.040704162642979616,0.015093898812647853,0.016512151617245358,0.016512260766060646
396,0.03047249173364364,0.025124771521634868,0.028528617752872684,0.03364462912788375,0.03470273540414164,0.018399141163826505,0.01856378102624458,0.10112206025349474,0.3631829887547979,0.024313452506647897,0.017795782862113186
397,0.013849976809769403,0.01384894393223177,0.013851525648002634,0.01384894393223177,0.013851103638714111,0.01384894393223177,0.01384894393223177,0.027574549701721924,0.01378707983576267,0.013846563723245178,0.01595692843595225
398,0.013825573584876611,0.013827251882360602,0.01381284305729054,0.01381205002012369,0.015835102481349148,0.013827325504679735,0.013827325504679735,0.12339186669727584,0.059747347097664806,0.013793089338445036,0.014627663410556485
399,0.028942240526387938,0.017346850324378105,0.017395384881217356,0.016802402049293463,0.022698533808608354,0.013719899033007583,0.013635091340031902,0.03548698283932706,0.02644464632687604,0.013629280214738563,0.01362729033280899
400,0.03036046777073654,0.018258608827456318,0.02928937952941665,0.01947128074611885,0.015108299821889222,0.02432968798503282,0.01423875949040137,0.10985759250592318,0.14684970252621657,0.015749907920354637,0.0353253826419641
401,0.024861843285666905,0.024534827634060355,0.013652880527580711,0.01365594092644047,0.014340493579186285,0.013658526253273321,0.013650948876267392,0.0730259050537061,0.0464378129759104,0.01641062141062784,0.022518318378990466
402,0.013836772999982575,0.013844183746551327,0.013848018634163644,0.013848018634163644,0.016166384699575126,0.013848841915890489,0.013848841915890489,0.06541358922013794,0.01527816519637163,0.013846156280898454,0.013834383369802123
403,0.014241373727312632,0.0169337417506202,0.01693915687422049,0.014319828460372046,0.01717402555724317,0.029452635070581337,0.015471357998309785,0.07405974778965403,0.013373566687537202,0.015471357998309785,0.01547146037548774
404,0.015522935487574933,0.013782647382826831,0.015524406091121719,0.014833562592700151,0.0155349974268325,0.013805250215386356,0.013715440031601932,0.034728293062784986,0.04027909609733455,0.013705107873591952,0.01477464035552885
405,0.013842699974266083,0.013844137457365234,0.013844137457365234,0.013821350994888168,0.015492151864717274,0.013844137457365234,0.01384155709931363,0.06768400690487576,0.017854693355224775,0.013841086936650463,0.01382674064071266
406,0.027522152916737142,0.02019703479513664,0.03970485430769957,0.06306210018698069,0.020029140536417068,0.014727667848657375,0.01891179804469223,0.2700355123923069,0.01544567141340743,0.023171748965319375,0.01811154785045052
407,0.015315156679677262,0.01457842815012714,0.015084970071444426,0.013713273838377392,0.02105212831186045,0.013791528087577345,0.014276947489998448,0.15886064682510634,0.014389633533133267,0.019212795394859636,0.021402885927868754
408,0.015261671382659993,0.017855530871918813,0.02175404235968599,0.015692339742735012,0.024725889578962656,0.014395649691508913,0.01667774120855997,0.02408037027685835,0.023920692103470354,0.02250547917588511,0.02215914664632249
409,0.014870875399298135,0.027890639683881727,0.014768366710356352,0.015642254576304443,0.0159021069720387,0.013777392771899363,0.013777392771899363,0.050122370560474104,0.025004346832139687,0.013774356752783741,0.013772475886114952
410,0.01384361130928451,0.013845291765641502,0.014700893663377117,0.013845291765641502,0.03955173156333034,0.013840103929512968,0.013842711195462638,0.07317017044775014,0.01381894020079673,0.01383966098461058,0.013898738296230367
411,0.015750532967492726,0.015730281498514253,0.013735357236187894,0.021969473342629553,0.02280833988713076,0.014124204714092977,0.014143408467011488,0.03951898279480746,0.0228149115708562,0.015113302421580446,0.0151112415253839
412,0.014549206851053223,0.014640346474585378,0.01475060904474033,0.013681456116731308,0.014928080387008552,0.02067963325959868,0.014088874934313895,0.041178510067528186,0.041630197006191215,0.013950843510246197,0.0144760462383861
413,0.01709556235790777,0.015267013648245746,0.014487838050631434,0.014739566233558491,0.016007000412555587,0.014354482021624194,0.014287401855544881,0.2901856399442412,0.03475294556130919,0.013773627044156448,0.013779072780387307
414,0.016650817126107862,0.01822190468409458,0.017326702444490492,0.01762829117148998,0.03843388343454385,0.035832398584142534,0.014980904049410378,0.1556979645021004,0.05199418463665972,0.018359682063584976,0.015873134219126415
415,0.03647486216304683,0.1459888196621396,0.18835472166275483,0.04027210139525971,0.058219518066226855,0.031442816431266854,0.027556114204749748,0.29141742789103336,0.11795531303997414,0.056488213351951304,0.04555718493539339
416,0.016774048216625606,0.015288370035117729,0.015249439011058054,0.015470868693082982,0.0297505361086023,0.014616880761035353,0.015113376283111825,0.19742630997706972,0.01688457694852032,0.017327575818800532,0.016422510079311958
417,0.014798359761280303,0.014354521244576613,0.014578148864236492,0.013745989900097412,0.01376060912424973,0.013719110453388068,0.015434374047834912,0.1110762115427882,0.03816679979946869,0.01375945191949473,0.013731380290533052
418,0.048582615711515134,0.017008967777995442,0.01585743001820201,0.016411756237040706,0.01623200527535931,0.014697842898611771,0.014275405732961216,0.12347403223226405,0.01449355693153387,0.029226311964698985,0.044797981444601856
419,0.014698358694107827,0.01534813826138628,0.025487908615138503,0.016526285213734622,0.034233301884241556,0.014341210324035483,0.02551101929557621,0.03980912402654228,0.015051479115643425,0.014238857315944785,0.015367180989944154
420,0.01655824387249281,0.014696655834137463,0.016413405538558818,0.013790103228160095,0.014993925041407372,0.013804769297201999,0.013804769297201999,0.04308236811027147,0.03131695069667321,0.015798427461712936,0.013793021804417691
421,0.013849908744459901,0.013848860910907696,0.013848860910907696,0.013848860910907696,0.015022985764234808,0.013848860910907696,0.013848860910907696,0.026074366445904853,0.014099747636469803,0.01393194441292531,0.016052311985374792
422,0.013828638469553681,0.013830933667108542,0.013831687677337846,0.013818545753263856,0.013831687677337846,0.014669774251186336,0.013831687677337846,0.07854991949988821,0.06667151657593753,0.01382686260516858,0.013806922335872952
423,0.014674652919984163,0.01383639995970694,0.013836695201251928,0.013837610390673714,0.013837610390673714,0.013837610390673714,0.013836695201251928,0.03194119262215231,0.015327290364096868,0.016228051833851134,0.0187016636636434
424,0.041770775091902704,0.0279686676933254,0.016430515468618,0.016418695912147306,0.01644851524383534,0.02655331563559512,0.016414087252857337,0.042606686668127225,0.016690278172918058,0.034707313538169034,0.046175594607959475
425,0.013831995383932564,0.014782505323712773,0.013807301170485946,0.013807301170485946,0.013807301170485946,0.013807301170485946,0.013807301170485946,0.03520306311618981,0.013731899830416212,0.014931060066169342,0.018511514061955035
426,0.013843457546034875,0.013842111406693712,0.013843322330293421,0.013843322330293421,0.013842153304373961,0.01384240676839908,0.01384240676839908,0.03046840236607527,0.01380986261886652,0.013837647874506824,0.013865676957169748
427,0.016856984736996254,0.014845538084856467,0.02162186461553755,0.03248124609272678,0.014624384137831488,0.017639614265168142,0.016549891544447796,0.038747675138433926,0.03386567036004614,0.019963128368763284,0.017081628558851942
428,0.01837480074040532,0.05023480965176433,0.03687961282547572,0.03332168687152139,0.023457405767145844,0.01905188603449813,0.017349940959880367,0.06656456420479417,0.08894273011657607,0.028011880161594838,0.028134224540743477
429,0.013819529299240943,0.013823067172897281,0.013823067172897281,0.015349830973328607,0.015336035880468944,0.01382096250805558,0.01382096250805558,0.09608689182616387,0.026938244816787665,0.013784978081270891,0.013773274426604537
430,0.026455410924781854,0.02111344413443175,0.020362527831660777,0.018021472175595566,0.029850235128236875,0.026945471603984677,0.017883415109939182,0.0745094379128938,0.054453688737440296,0.017881966286371162,0.017860715366378076
431,0.022918163942743344,0.01443101853862841,0.014762142878524679,0.013639874634872595,0.013700032948613298,0.013698855673648513,0.015860021089781517,0.05378468420325871,0.01451236462119922,0.01587471491175058,0.025847579026560024
432,0.015754936295746053,0.013737592229984216,0.014220878506856547,0.013736684359655194,0.015650281431552292,0.013770697442420734,0.013770697442420734,0.05299879209000908,0.033917743215466145,0.013770012498357048,0.018704950453592026
433,0.019717525559847147,0.01741361933091471,0.01913285143865593,0.015664692916063826,0.0156715146292326,0.015682141743574476,0.01571119531624457,0.03713886307081952,0.015647489962904975,0.01919579325695032,0.032733255723251316
434,0.028582079985241707,0.0440775843037611,0.04092189989820138,0.024064802421887244,0.019887275124074108,0.018760781124081433,0.02518359576646022,0.09142041812375913,0.027108231864564042,0.03827985010357838,0.04452081331546574
435,0.013840688885907046,0.013842221746106591,0.013842221746106591,0.013844802226322867,0.013844802226322867,0.013842221746106591,0.013844802226322867,0.026116412757424184,0.02294834217821857,0.013923669406488646,0.01604578209592688
436,0.026936907641310445,0.0150546682101386,0.015482346674872418,0.013933285638735566,0.01467871965334531,0.014684542796266178,0.01628098251966189,0.04751940757132944,0.015652471486995712,0.02230713647204347,0.038642985895320406
437,0.020908923772045365,0.021626557201220198,0.020506920422244047,0.019750287351737478,0.019838993304536985,0.013691715481917588,0.015090798558604387,0.1329088167798802,0.01613657831707927,0.013672505657455588,0.016185483258695704
438,0.014688024265664169,0.017189060959401148,0.019139360873350015,0.016449696978344763,0.017183222925636753,0.043668315094099554,0.020345044382742896,0.1336283804583538,0.038406356275147706,0.015435454115025438,0.015431192281240487
439,0.014351048660390902,0.013697053366729047,0.014239520560259932,0.014932241006373607,0.033510823890244124,0.016932948983464653,0.01368437878540818,0.11256108694338443,0.09465125636973117,0.013644112232686774,0.013731020805974836
440,0.029896038936001748,0.01718762049625552,0.0199933152564204,0.016114703969727008,0.05119189540804797,0.016794035055613814,0.015106777432856287,0.05920840651699019,0.017620847737552073,0.017561738824161736,0.02216680369008278
441,0.019663401521729424,0.022695918946693417,0.01936981982034721,0.01977891987514312,0.017288242768243908,0.016703506028162642,0.014686936522129669,0.05718986052214194,0.01504206547006333,0.019039102893916627,0.020925334446022
442,0.013836040588291847,0.01383727425684915,0.013834301542467835,0.01535824892051002,0.014903502146416486,0.01383524985628086,0.013821067993570637,0.1067530190816158,0.01451387113790366,0.013830154598592478,0.013898235982558597
443,0.013798419856990287,0.015617967681614813,0.013792517531045012,0.013792517531045012,0.08286534639269193,0.015771621530964144,0.015771621530964144,0.15330918945474029,0.018203660014065527,0.015748171736373037,0.017875906155779407
444,0.014289873312459378,0.013781453565812656,0.013781453565812656,0.013786008164716883,0.01591006518911646,0.015904820164820973,0.015904820164820973,0.03515026706243564,0.03237240399966402,0.017011787784318284,0.017016635177412184
445,0.03863478815960928,0.0410643810552706,0.05451463646469752,0.03959163755357972,0.023054723902470334,0.019747719750709974,0.03211771762317921,0.06906667291599412,0.09535067588197307,0.03352700197462547,0.0362584463529592
446,0.014477544640593188,0.015427768911232367,0.014233709171544658,0.01374867767926252,0.03682970182906674,0.013780879037096705,0.013768142623934082,0.03273977639285273,0.014923725057663128,0.014929329580702347,0.021362059362139578
447,0.015595438739450618,0.015596427970545253,0.015925149284608513,0.015691676094092163,0.03194055626047679,0.014858497244969552,0.014381997931280399,0.1359542058465577,0.0383611505884899,0.0143855243859252,0.013906181961254463
448,0.06074958545115241,0.07683368040753456,0.10467313936636993,0.05750189774556604,0.06028755772411042,0.0991137850309594,0.06985385079707959,0.12811814278148057,0.09033599610754998,0.04852186428061535,0.04142700364399358
449,0.014275147646317547,0.01508403723832458,0.014858319266566495,0.01766366808840135,0.015971373094112017,0.013760189973030332,0.013757370553155894,0.09697715737128557,0.04876082160865458,0.013740809057803626,0.01374859030664203
450,0.023233336921609088,0.016590010231870202,0.016668577372440187,0.028389765631063074,0.01529663543670168,0.015825038674844926,0.015747408314774898,0.11635624286592829,0.01507786785366257,0.014615949042491182,0.01480140775368678
451,0.02568901193209885,0.016523611511097394,0.036898683334339016,0.02908628406622078,0.030902041051973993,0.024714829920156948,0.024714829920156948,0.20790235391456874,0.18411956445509203,0.01854915407303163,0.023724745913876955
452,0.016558825006649385,0.016558825006649385,0.018534804060901227,0.018482243388144567,0.017524540770065548,0.014832635352664695,0.014744117814654198,0.014720446342237936,0.014739722580199396,0.014736533687182165,0.014850103431289353
453,0.014354158926580879,0.014382958386574633,0.015484796868160473,0.015232363400651379,0.01625137900932331,0.0212956273630609,0.0185106979695758,0.09189011800497958,0.060589206136023636,0.013666397128713556,0.013665812303748873
454,0.019265761833096934,0.015266162811029353,0.017169707640812437,0.016158182708450635,0.01631435933128865,0.014390597205405758,0.015287827585419782,0.11172099278450792,0.06707863784209996,0.01988609911563722,0.033055036375621974
455,0.013825596819625946,0.013827275119890875,0.014676310457948285,0.01766504638897913,0.014678721480153421,0.013831162586636917,0.02723648188124431,0.04323055147435021,0.013687665646669676,0.01382633769507313,0.01381309739914369
456,0.015167268084374685,0.014708190740656034,0.013830346361225236,0.014708210913618711,0.01514101260318232,0.01429292162490599,0.01382943164549328,0.03728379616520882,0.042548338040080354,0.014954526134365147,0.01798432546754186
457,0.01664487897322627,0.029959991586096395,0.016467618836584864,0.041232164268315635,0.04583905492345361,0.01450281513072526,0.015146079230557496,0.10431904671885228,0.06841460746392676,0.018796938370079147,0.01799446178869845
458,0.0139334423612843,0.014721200888174303,0.014682208879853916,0.014760534289153854,0.014974849886566907,0.014372098382985327,0.03909119361268689,0.07517526631037698,0.025480002585488108,0.013803463738901357,0.013828813202975892
459,0.0137376207058904,0.01571638172943215,0.01757355946587232,0.016012065862986796,0.021200045359020276,0.015011725277144783,0.014255055854874585,0.06984298580545506,0.016288024681596416,0.014922882184689136,0.014922802080340318
460,0.030386147383372728,0.0463725832063079,0.023809156493576494,0.020421726839156686,0.084389381929358,0.01883565640185774,0.01937597277431333,0.20298768141633655,0.035940131475651727,0.02028610607902889,0.020269313323523344
461,0.020662115804990493,0.02516991770735931,0.04118032136565492,0.024775712465845312,0.047026099139091226,0.029587903915755363,0.029422059441126375,0.0634722355953684,0.018844821349040686,0.03439262627871276,0.039123920649283224
462,0.015650178406458166,0.013747653812458608,0.014235516461125215,0.015763010492131413,0.017109242434150816,0.014939767689045315,0.014965249203524362,0.03996498877813992,0.016271926224302798,0.0162983134876031,0.023366264095950023
463,0.01436497017942027,0.013735054211659308,0.014367859152873867,0.014366132237712109,0.015070682430913864,0.013733980132261396,0.013733655056047999,0.08053143957809648,0.01372971061410547,0.013729771862188508,0.013774512148253364
464,0.06477113085860929,0.052771013553972186,0.07769160365054542,0.045717985733746,0.06818210332887727,0.042898168602439876,0.06915776331633718,0.13169954747335413,0.02162297229087037,0.03157060408119491,0.030256791759472067
465,0.01889767274756204,0.018900280090554788,0.01890631198545306,0.01891459224098282,0.04493474187195162,0.017406090714309975,0.017298896978496795,0.04619736889129121,0.0500993214333559,0.01729691249768085,0.017296241313666735
466,0.014481525706569714,0.015584367594624341,0.01967512070003809,0.014463035995309221,0.02925545874384565,0.014508950432264436,0.014943803332124705,0.22789564534523654,0.0768715555864996,0.014494130119597444,0.018441546444076466
467,0.013780239323703867,0.014771518256986214,0.013782252597339196,0.013744224351347683,0.013786469596005258,0.01378989423218524,0.013765459637525155,0.03095788507917198,0.013775311368881861,0.013762426211328033,0.01397625522905178
468,0.014757708188957826,0.01474105526464932,0.01476379863085594,0.01476379863085594,0.015113270806062977,0.013779484860230506,0.013757409510108452,0.07829589112094609,0.01375768559792752,0.013750115880783478,0.013862303772727238
469,0.014293779965854037,0.01426978929562018,0.014677103073944481,0.015215288905402913,0.013768481927192194,0.015211897097328533,0.02819868414131536,0.04460662812609044,0.039990074685118185,0.014406616328344522,0.0155114238181663
470,0.01384739537862504,0.013851525648002634,0.01384894393223177,0.013851525648002634,0.013851525648002634,0.013851525648002634,0.01384894393223177,0.03430628332851943,0.028745160979418337,0.013846563723245178,0.01595692843595225
471,0.013824026484392864,0.013850739315686396,0.013850739315686396,0.014796527965579783,0.013850739315686396,0.013848157744417932,0.013850739315686396,0.07119697127390594,0.013998476795010505,0.01384647806021833,0.013902992412137419
472,0.033875909999041,0.033994282901780117,0.040099727751244894,0.05825468868481089,0.05869946162736564,0.02311818294226279,0.04666629529418779,0.18002507990864852,0.07190380406679159,0.029216688663879997,0.030500386454357833
473,0.015224660667826087,0.015276676754866717,0.015240125984575753,0.043181675327723934,0.01609757744961109,0.016119800179929308,0.015502908619849551,0.11016824051023758,0.07212878404146839,0.01432138329528601,0.014293141438020974
474,0.013832290356189459,0.013833015012937688,0.013838568262013287,0.02022467521296047,0.013803487663630043,0.013839483573584822,0.059359578540720555,0.06346579225493476,0.013716687329295407,0.013827098660992505,0.014466111860524955
475,0.013849275709451594,0.013850510541523281,0.013847929012296136,0.013850510541523281,0.014683361875457154,0.013847929012296136,0.013847929012296136,0.03774744785368847,0.039814317968621234,0.013847119436721152,0.014723963445823577
476,0.014371892433231769,0.029055310842868366,0.014831868926251535,0.014831868926251535,0.015532900773124546,0.013803085609169052,0.01367701335783062,0.055327579416604655,0.013710925250566094,0.013674102284057368,0.013674192933602471
477,0.015096975176844617,0.013711213467613849,0.016723616621935854,0.013732332250798446,0.01576094353220558,0.01576094353220558,0.017750420444049102,0.09601400156848051,0.0914283987351474,0.017725678368268667,0.02370608940322859
478,0.039617226483889385,0.024608853143740936,0.0688049290025251,0.04634520132740932,0.03449108123085949,0.01833706522287229,0.02664148769305463,0.05268067652707889,0.224337813193574,0.031944184531169116,0.01811481819334926
479,0.01434257046070205,0.013846576936177824,0.013846576936177824,0.015195608005710112,0.014713666328367203,0.014996966724848662,0.021232486873862515,0.07622133915448127,0.03436784021128996,0.014243277045079814,0.014366072353665753
480,0.06286975760144181,0.06758717600373315,0.0784287965582042,0.07191792306275466,0.07187454005818743,0.06790917478244729,0.06813500993905837,0.1302573826942538,0.06954456421952125,0.07758027799481497,0.048402444018144995
481,0.024440380642117777,0.026928578446481576,0.028046102700416863,0.025680023367825593,0.034731734626058684,0.01454350423721185,0.014543601412343987,0.08530459849234605,0.027342995436915332,0.016993213948000383,0.01760961593556579
482,0.0138421534135475,0.013845968314002033,0.013847222289673,0.013849803689003293,0.01712284102182139,0.013849803689003293,0.014721141025503209,0.02692001347233302,0.033523847624671636,0.013849699250256236,0.01384178306590558
483,0.04138857482805085,0.030964024616588787,0.019752056182849587,0.022382979925452778,0.04072828514189199,0.021212998911675652,0.01775209084541473,0.10950684052788864,0.04858803371788828,0.015447467305520922,0.02087527906004368
484,0.013842894679642474,0.013844427780704742,0.013844427780704742,0.013844427780704742,0.02891248005531347,0.013844427780704742,0.013844427780704742,0.030376677741831306,0.01437948511778425,0.01393180116355526,0.01605176278275439
485,0.01381213156013699,0.014660101448837852,0.014672671044530142,0.013819515625403244,0.01379968268551875,0.013808164304971482,0.016907483323572076,0.05666722779075318,0.04077572629173908,0.013803933622050143,0.013856516277985575
486,0.016528694584947264,0.01715940101759613,0.01899821687074155,0.018166621572871685,0.016136924264804755,0.01575185978898781,0.015693342172182243,0.06932593508106195,0.04909225525902993,0.01896376963174398,0.018721972631502753
487,0.013842203291372413,0.013849930814359005,0.013847349391667131,0.013849930814359005,0.014730165785068368,0.013848490106036296,0.013848490106036296,0.039460043445234266,0.015337444183222236,0.015003956996907344,0.01720001184701955
488,0.016590518911156617,0.016590518911156617,0.01857020861048537,0.01851672915482437,0.01755727153745214,0.014860414466636586,0.0147717336353841,0.014748018489823858,0.014767330292017263,0.014764135515660777,0.014839181480932322
489,0.048913940454155216,0.019487266381926563,0.01985604458691811,0.01773567235971346,0.015489089125351099,0.014393279989447368,0.016035526184222035,0.08620042097095462,0.05740209439372189,0.016036245063877085,0.018336065832708928
490,0.02350564542897977,0.020577171177118273,0.05545370353260131,0.07119408799173409,0.05799609187508119,0.016224747246676028,0.032256597981879916,0.11863024361427923,0.08360920312304662,0.026974056112293456,0.025071649815026055
491,0.035824910491319396,0.013719235273415524,0.014746902726190255,0.013720542714337397,0.020636870035591084,0.013758670150075737,0.014031408422516852,0.034556480265211596,0.04207350469232671,0.01614478083080592,0.015319391496499624
492,0.013847215617705896,0.024251206077527687,0.013848896505440526,0.014637057294955359,0.01472413372818491,0.013846315272821789,0.013843859427777666,0.0981558524254997,0.013986353722283885,0.01384808687409837,0.01384033365097322
493,0.03052010216065156,0.015995361813471966,0.018081185526603483,0.017763213053041627,0.01711856883583304,0.031566451401969245,0.015035834713968379,0.07279198237450883,0.015025596079328317,0.01504367094373265,0.019187796983121286
494,0.013816240696304586,0.014659273784806429,0.0138027544263211,0.013803667402248343,0.01522811040585638,0.013803667402248343,0.0138027544263211,0.03349513842580851,0.01375946064966459,0.014921878958120081,0.018606584997843834
495,0.015551445290993471,0.015545940644351728,0.015545940644351728,0.01692920905193926,0.05828630583854661,0.016294119067864744,0.016287032298600214,0.038498434949078675,0.018161263342455606,0.01764865085154879,0.017649562431730912
496,0.014437423924463321,0.014325792199227971,0.014835366973071185,0.013725077137663317,0.01377355767167741,0.01377121150664507,0.01377355767167741,0.02863122530485113,0.026570894179156278,0.015933420110197955,0.023317066500736068
497,0.01682796396234101,0.020496562150789446,0.02210193078488933,0.019403558496902885,0.016823129294973503,0.04009681713789989,0.01667740924104779,0.10632569319744453,0.04397544558498592,0.01667301495842569,0.01747641070846009
498,0.01499508584589458,0.014366703632519535,0.014239660598268268,0.01542055603400487,0.021945255430284225,0.01378479654245201,0.013764972437716474,0.03829067327619991,0.020564505059810754,0.013773643129556312,0.01870985755682344
499,0.014463729089573071,0.014345696590691877,0.014855968701539962,0.014351858901817841,0.013780810589563706,0.01375420811858987,0.013752195295247956,0.032621879480343056,0.013763878801215464,0.0149011119952102,0.021928558558947125
500,0.014226487023569656,0.017331380630785865,0.01532402512970112,0.014590919249031766,0.015160446052342132,0.015516256197815492,0.015746120891753188,0.03083847573047357,0.024706449938953615,0.017035050093058505,0.022638719685909463
501,0.01455179153053533,0.014540737012606147,0.013788005394736373,0.013788005394736373,0.013788005394736373,0.013788005394736373,0.013788097592491897,0.03564103401874254,0.04357995064047012,0.015148846007475547,0.01515035015539377
502,0.020642405481410584,0.02740310683214491,0.036404652438837275,0.03680014738445949,0.03658331274794389,0.021077604066738673,0.03427675681772528,0.035791528555760614,0.03244530962846843,0.04024441227226384,0.039647576196474486
503,0.014472144655187914,0.014355905912424936,0.01486453136518402,0.013740407886017788,0.013783529346316358,0.013762144622105196,0.013762144622105196,0.01583693072353158,0.014937499438045131,0.016156341213362787,0.025191623216511267
504,0.014752339374615977,0.01474372444938238,0.01951623400461581,0.015832103978866925,0.05393186868451385,0.02552440787565085,0.013684783565478947,0.06466681905743622,0.013714279010264823,0.013684783565478947,0.013694904810034166
505,0.013830674656685032,0.013810725886021624,0.013810725886021624,0.017718401827853357,0.013808865855119482,0.013810725886021624,0.013808151668233489,0.08086304372691817,0.015557114349107698,0.013802163733313189,0.013869886078984294
506,0.014425140218695419,0.013658546918957444,0.015475893624918765,0.014833756895008654,0.03601441599711581,0.01375639185668252,0.013702224459067344,0.028581469199380413,0.013715120115080399,0.013717136381566186,0.013675122440481897
507,0.023805735110908388,0.03470776560532251,0.024591338163425295,0.02412573687085938,0.02570254436780327,0.018349790847597136,0.0193119349055551,0.04590867571050224,0.04390677681389997,0.03537126629831476,0.0417022860022894
508,0.02821953334475776,0.013842861000527572,0.013842861000527572,0.017023341810366705,0.01506775083782443,0.013842861000527572,0.01580456889560425,0.06567382407322889,0.0326175565895587,0.015804449952580464,0.015797769995482606
509,0.015625915570179207,0.013836753835776296,0.013835385073665041,0.016391368256287526,0.015688478045293285,0.013835385073665041,0.01639169449102114,0.05298571552056284,0.014428899534905596,0.016183914876705594,0.01607912533395513
510,0.013815206769989513,0.013810476540749118,0.013810771236886054,0.013805219567357937,0.013810771236886054,0.013810771236886054,0.013820551312942046,0.02348101255625476,0.014881350077789523,0.014964638674946544,0.015117204628556001
511,0.017276521157885343,0.0171497779268187,0.017757993400142245,0.01715038345876859,0.0143204254412445,0.01642668078285245,0.01642668078285245,0.025717417647002794,0.0156324007926051,0.01782126808568481,0.026198653340391738
512,0.024469463795781306,0.015116193782978956,0.013714844712908441,0.013707751646128677,0.02992690876919263,0.014528159029425076,0.013694986854229471,0.23163041560211642,0.03858055121471793,0.013660880414468102,0.01870984600123842
513,0.025879663443553684,0.01733870742956225,0.017937571582974463,0.01582971124752209,0.04046627557852627,0.015662754176602917,0.01522010263714381,0.2539004404800622,0.03982752690705797,0.01543406104540303,0.015629022566285
514,0.014280426547209317,0.01601874931392324,0.014795535341831626,0.014260167462104128,0.01676080527502445,0.014853291230779987,0.014319732639414192,0.05486612516737531,0.019462925018070603,0.015718509025751677,0.02247715107346353
515,0.019717122939121146,0.014742461982422279,0.015914214050255764,0.015914214050255764,0.01667761775508106,0.015920650235175544,0.013680428301113745,0.033184450806659806,0.013710535000245777,0.019390998909387478,0.013677607182433911
516,0.014415071477712356,0.014636388686127445,0.013745298857169722,0.0262576937176092,0.015394496340137372,0.01612638416456813,0.02802189804048641,0.20805710144981598,0.0289407689629876,0.013741403026929272,0.013742022070855418
517,0.017038973404490575,0.014360872855123752,0.014900648185790176,0.01710062893926509,0.015272030277317526,0.01714881362506361,0.01527091499428406,0.06850349034655084,0.021934984558604348,0.018159810206776893,0.02188245266734827
518,0.048465569823647525,0.029505150926358283,0.023151217435470984,0.04609605938877035,0.055413661348391104,0.017339253700640173,0.017881781692596722,0.13788702907279926,0.06188895285625504,0.019536108004488607,0.016827257771265258
519,0.015200450828303796,0.014344494431518272,0.014211299663721663,0.013815489141895463,0.015517685660431813,0.014584125895032189,0.015609076305206967,0.09768980797927108,0.01505573018156278,0.015394724082718091,0.01722395625884213
520,0.01585185870228983,0.014371331115413392,0.013838843929637776,0.018974480385622647,0.031093510557834932,0.013863335387456302,0.013851105009723443,0.4242879153366036,0.11013024937074788,0.01467325344781554,0.014521121594000307
521,0.0240483995171883,0.03573560107724823,0.040683547519595444,0.0360804945364639,0.027465932453610863,0.01585621750759939,0.015727165362772896,0.2040212883782837,0.0879432691058322,0.017885798510051117,0.018607729758806223
522,0.016908420329695573,0.01714844115500025,0.017756610076323592,0.01679129295125062,0.014319305995575139,0.01642539943226435,0.01642539943226435,0.03478027751893828,0.014298025821805374,0.01743842408950018,0.026196630036619453
523,0.18871010397559837,0.07399219637305138,0.11445508067278393,0.046472285028641126,0.046653976121186894,0.024811261027313035,0.05999544874638868,0.13100195257356084,0.06332646707058,0.07349061349576888,0.03970698494064917
524,0.01483808655051941,0.013806115346193248,0.01379309287123572,0.017016799024286742,0.053909574661915524,0.015682381763597125,0.013803194350154598,0.16734203611991164,0.014038483282862576,0.013803065809900265,0.014332589501458137
525,0.01649003508122842,0.017999397670482812,0.01640057531147375,0.015781537174635613,0.024369622324667616,0.01538698111789388,0.01474674886485593,0.04168252589883842,0.036730339425282185,0.01599313940940623,0.014984804614306431
526,0.023756942869887724,0.02157252778718566,0.04130553890883916,0.019949927288161015,0.01962161330369446,0.015600192936332994,0.02131126271518587,0.10087141765360452,0.022287808254724623,0.029719305264190424,0.03984029413263091
527,0.015949579820138175,0.016627297010261343,0.018795927807858694,0.015534076635625518,0.03958279655045825,0.015052336261914503,0.01705523207482717,0.15729716936951776,0.015735521195321952,0.01773473153751305,0.018326895834586018
528,0.016865614773402027,0.014692257262901914,0.017092636584175373,0.017994452587157653,0.014941573108834004,0.015710434542749823,0.015710434542749823,0.17419665237947696,0.01496304618168998,0.015737890310106997,0.015724672757928465
529,0.013821986872963144,0.014687903948101452,0.013795885154757688,0.014707484027124842,0.029153983173301354,0.01379296629287565,0.016098840400744472,0.13445875431941362,0.013972219443826536,0.01379296629287565,0.01378712460584379
530,0.01618988506359759,0.01540825055416549,0.014706314719618583,0.015616394565041906,0.02567550595347947,0.013804701921075946,0.01380496347482824,0.024368446543135528,0.031230553472708127,0.013799018976034817,0.015586829640385328
531,0.016934934435286035,0.016137297721712983,0.04642589416836696,0.0161357051083459,0.018184496898578238,0.016904827540816236,0.016904428698666808,0.06936082928947453,0.018986245866422224,0.01689338060205808,0.017006769857592093
532,0.01384613580445672,0.01385026570341705,0.01385026570341705,0.01385026570341705,0.013825239745945506,0.013847684219183287,0.013847684219183287,0.036831161835593706,0.01382907375570601,0.013844599199435783,0.015954669341793095
533,0.043411704015874075,0.045160305593330244,0.04736699452984837,0.0438603074415861,0.03426608588721199,0.02978718032307487,0.02971463300586365,0.02971213086567053,0.03205438789127177,0.034392208986251505,0.0457234576677813
534,0.01384146568291278,0.013845944670271098,0.013843013582710348,0.01384552282862888,0.013845944670271098,0.013843013582710348,0.01384375191379594,0.03865713246682194,0.01384366936266803,0.013840634378663962,0.01586899788767702
535,0.12137956909519793,0.1567792496839687,0.12995817090876358,0.0763920135205275,0.07646372690180196,0.10217748481889269,0.11051160500166529,0.06663191622082967,0.0981742483086385,0.11561971551788598,0.09137581862448477
536,0.01550881140074445,0.015496727760870648,0.015496727760870648,0.016070497575286034,0.015496727760870648,0.017915815142292832,0.016242193321219123,0.017544763742780536,0.016223077228733843,0.016236606159033197,0.01632510786145269
537,0.014428883484057764,0.014704628310155588,0.013781065504196978,0.03227289460516858,0.025248110980372905,0.01378500944678631,0.01378500944678631,0.10661940070693837,0.02642054345194469,0.013779055813407349,0.01378528739188795
538,0.02716334231419067,0.01908194828948771,0.01903049230795888,0.022405656643209516,0.019043682442786532,0.0336125420931472,0.03234311064499586,0.05407177574129743,0.034239521667981936,0.02455526886883849,0.02095002619892672
539,0.017647419134830044,0.0267255169065585,0.042358730161604095,0.032718946627449355,0.020614230356883454,0.016466119185915,0.016335041088241888,0.0945200607913903,0.04602424409758915,0.021997547156116393,0.029259796458540724
540,0.014749238409811327,0.013831070426859224,0.013838912877517746,0.07692637129387149,0.01587412084528577,0.01384796186251656,0.015023919347247519,0.16585988396859777,0.11237875515844391,0.013844910510934652,0.013836119267111625
541,0.032561309734759174,0.03977070477624263,0.03368762514790752,0.030797168072137584,0.03798613122586866,0.017776507169576166,0.026005685340883586,0.13961044951401191,0.06909219151636684,0.022547211275087235,0.02596411759416988
542,0.01909116391362745,0.01645753887537327,0.01776956141579473,0.02213530584151459,0.019201103119353313,0.035264843670734944,0.013606484253537221,0.20907501091280378,0.038199690814329536,0.014607834397988906,0.015146447928484815
543,0.015774186246359546,0.013844183746551327,0.013845437562870086,0.013848018634163644,0.016199462909030495,0.013848841915890489,0.013846260693303589,0.045800776574529245,0.01448703629711646,0.01384873748429412,0.013834383369802123
544,0.01394615163773785,0.014720699188567537,0.01384724888964909,0.014711572179876935,0.013849830293868508,0.013849830293868508,0.03819750175068109,0.058648566644449854,0.024185841215561978,0.013846439353277054,0.013841266870138022
545,0.016059720451755254,0.05343115789388655,0.014754546786288562,0.014752271370886782,0.07332044452000014,0.013963480213852837,0.013749418432371027,0.06373976055722187,0.014370339699692914,0.01373579733807551,0.01448401004692798
546,0.013847630730353283,0.013849163875664337,0.013850376921470392,0.014773226785064368,0.014686930318536375,0.013850376921470392,0.013847446692384465,0.08056027218582497,0.02023772382376068,0.013836549938708056,0.013830690051715217
547,0.014633927760719817,0.01511874041713997,0.014748621691731417,0.014177056745813404,0.015229524110275757,0.013789103946068389,0.015743794387761852,0.03199448896682807,0.02248750811316893,0.014815296418138972,0.01781578546080208
548,0.013839349672999384,0.013814347736304898,0.013816923093026269,0.016923774256922403,0.01716023797239877,0.013816923093026269,0.013814347736304898,0.03240555567568064,0.0138091381293843,0.013806087934756987,0.01715716477450105
549,0.014345916688266467,0.015253528359703485,0.014304679651692801,0.0177435010082841,0.015191351968042926,0.014301614898766819,0.014288745800177124,0.10523903283020215,0.02106247807521868,0.013986846653264395,0.013785462903737805
550,0.013840240801608249,0.013841788566349218,0.013842083921262554,0.013842083921262554,0.013842083921262554,0.013842083921262554,0.013842083921262554,0.013820647625165782,0.013835572877505534,0.014971821138221403,0.017303582284311163
551,0.013834795218629393,0.013838921782491643,0.013836637623264668,0.013836637623264668,0.013836637623264668,0.013836637623264668,0.013836637623264668,0.03214778008818618,0.015072939772339257,0.014968357616399546,0.017344631197044276
552,0.03839234920015056,0.04119170165840262,0.02081258856954528,0.030682456075921058,0.0212375327800788,0.017730170748345642,0.01821639651914064,0.07372462908591099,0.06772199798157925,0.01802051454420435,0.025002904805549633
553,0.019473156792466896,0.0152699325584964,0.037610088284383315,0.02313928631412952,0.018544842866087347,0.016517846273745602,0.013645515127959815,0.0898408150680796,0.029817640875067962,0.018174036006012254,0.016387979806313353
554,0.03040769357686873,0.015122703079581211,0.017178770648289814,0.013619261620969995,0.014043554068329465,0.015883445197175793,0.04107293206757869,0.034926096405779074,0.014115938964021187,0.017346683563508346,0.034960828705302996
555,0.015231535235373255,0.015109703431525782,0.01564701257216586,0.014464583158445643,0.015744886018809127,0.01572131954113693,0.01572131954113693,0.11191929234512044,0.07947542695473796,0.015730028016103473,0.02213163629307695
556,0.013917798124102055,0.013820085951899728,0.013829463904732331,0.013830378622568074,0.014702002835312953,0.013830378622568074,0.014643962040078484,0.0648618592383436,0.04174057502153625,0.013828835614598765,0.013813017847868687
557,0.03224221311566691,0.039268842300842655,0.040140446910459135,0.0620622766178301,0.041378696653663505,0.02969603279257676,0.029454749575375545,0.05746976444472191,0.028869229264167923,0.044351723686845305,0.04647812237902877
558,0.01476545718509315,0.015238314136276972,0.017122282272600244,0.019342405748874664,0.04308359504107245,0.017129868856873447,0.013750857222165746,0.19492594662293125,0.029623534421818486,0.013673610421038353,0.013725715888064293
559,0.015759540851246194,0.013691991623627097,0.014219830078573355,0.013711060141028273,0.015151853059714943,0.013777817866783901,0.015521455127651044,0.03751283154729163,0.015040700164478093,0.015501987272863952,0.018387900009740513
560,0.013847507606386918,0.014705324644392278,0.013849056172367835,0.013849056172367835,0.013849056172367835,0.013849056172367835,0.013849056172367835,0.024245166313217915,0.021418153881028894,0.013843729265733648,0.0159536689655203
561,0.02596379762877711,0.016311327554786967,0.016453826001455448,0.015435480007071182,0.016652636644736967,0.02990942600655859,0.017075084041324358,0.015718997835414233,0.01636976270009482,0.03301161644432623,0.06614418229620857
562,0.013836165912758425,0.013837713228195768,0.013838008497370113,0.013838008497370113,0.013838008497370113,0.013838923772437216,0.013838923772437216,0.036575409259624575,0.013829835990663128,0.014967418142380009,0.01725544878273018
563,0.013847507606386918,0.013849056172367835,0.013849056172367835,0.013849056172367835,0.01385163790876857,0.01385163790876857,0.013849056172367835,0.017636432538752647,0.015360057216312003,0.01501015782475218,0.017291544329835012
564,0.013840240801608237,0.013841788566349208,0.01384208392126254,0.013842999462102936,0.01384208392126254,0.01384208392126254,0.01384208392126254,0.014716469449525996,0.013762589101016904,0.01497182113822139,0.01730358228431115
565,0.015745968373975724,0.013820202983128879,0.01382277044557751,0.013816129531116125,0.015846699245357275,0.014997401123711663,0.013811985390263128,0.1223002605786151,0.03479697944328065,0.013810444405626307,0.013785522217771276
566,0.013816240696304596,0.013805033070393845,0.013802754426321113,0.013803667402248355,0.013803667402248355,0.013803667402248355,0.013802754426321113,0.032084771766880314,0.03566359408959071,0.01617465058477227,0.020059218495547128
567,0.013690941088521653,0.021288693756576296,0.016488559704988696,0.01424548893102037,0.022027966626693662,0.013760747899746678,0.01368437878540818,0.11537925223828138,0.015880370752879278,0.013644112232686774,0.013731020805974836
568,0.013831990930617287,0.013815427464176423,0.013812271852446913,0.013810250661504422,0.01593935916456477,0.014992158532950191,0.014989367451839954,0.06989868011246311,0.016207037487895266,0.01498566495296412,0.01614362518079834
569,0.02075443452741463,0.032511141952695985,0.028527012609985147,0.024378530890637774,0.024357263588970605,0.043346954041459274,0.036761144826579044,0.03507645461999617,0.02536998512527944,0.02093620915261091,0.027011922143118455
570,0.013834517113399017,0.014705141445708995,0.01383958323242134,0.01937396458497373,0.013842163227667542,0.01383958323242134,0.01383958323242134,0.030620451970906525,0.014128108956384982,0.013842058845727043,0.01382754964968559
571,0.013838869709461021,0.014741086100549784,0.013841628100503132,0.013840712649088163,0.01995295141175779,0.013840712649088163,0.013840712649088163,0.01888632258307579,0.014956506794934593,0.016229733940628755,0.01875367669941876
572,0.025941422495490137,0.017291701009058844,0.02655289298922506,0.02655331563559512,0.016405950311603388,0.01643077971511941,0.026545939007941142,0.05066987689425734,0.01667615424314936,0.029216737375513908,0.046175594607959475
573,0.013833389636150786,0.015101412007858908,0.01599830446554991,0.013805929371435998,0.014617936125723515,0.014207633356133328,0.038917975732357,0.13820238390922684,0.023681840213914635,0.0137993776668649,0.014198016358354113
574,0.01779390588463021,0.01471885865938271,0.013837317004395543,0.018364937235381136,0.03607486180915592,0.013837317004395543,0.013836401834105437,0.06061539026143502,0.014076521657622274,0.014958874340578146,0.017988189964519424
575,0.015238370913328804,0.01570405542242095,0.016041842902750618,0.014278194313432966,0.015239030174255512,0.014323471382638281,0.014840793548505152,0.042484274326001686,0.03778783218206397,0.01659786764109764,0.018501646899691863
576,0.02587317210805402,0.017029918328824428,0.015838774470616795,0.014306504462535202,0.014763644542588742,0.01624563110093089,0.025266143814107946,0.12426503787911446,0.0687583418162236,0.01612296456108549,0.04838343455708693
577,0.016806803657690696,0.014840229165785633,0.016680814016917622,0.01593173792045311,0.02184792536976013,0.014239010028240238,0.014157848499939925,0.07117086420596092,0.10011428528985172,0.014111519563608064,0.015962013174289025
578,0.014747808838834416,0.013731353622459782,0.014839728254886185,0.013739250085147045,0.014866108285657991,0.01378236796270056,0.01378208564069907,0.0359190339407148,0.01376544143148538,0.01453810531389788,0.016267233971331375
579,0.015779048390956684,0.014333494066866962,0.014877902878637585,0.01437145786545297,0.061082954498583614,0.017049087593162482,0.017049087593162482,0.06407482624151074,0.015649748166826384,0.017093380629478058,0.020269454010172376
580,0.01472468183396545,0.013807006547357097,0.014686877356649496,0.013808214442944331,0.013808214442944331,0.013807301170485932,0.013807301170485932,0.029736970557570075,0.014869700340466873,0.014954351231135688,0.016245461579328054
581,0.03007154850415301,0.016751047443481548,0.016587574408390243,0.026329459023771276,0.02123064517514268,0.01733186803051099,0.016673196827418944,0.08518286393225084,0.05302044169470638,0.016674602606264684,0.01757394374189789
582,0.028684289740841452,0.01591044928903339,0.016185075447292845,0.01622513717835028,0.0417068304284267,0.016788031123178372,0.016716850369343766,0.056894570487525754,0.04120710160330954,0.016634873254042903,0.016721407408191145
583,0.021955422837203933,0.06809801044175895,0.025486740087874042,0.022021962717545116,0.038366097584821866,0.020562743331174898,0.03433312386408243,0.220076966950292,0.05683450821682967,0.018463463986052978,0.020695289802958445
584,0.015980701622571685,0.014250108366688413,0.014785782898793214,0.014276957780231829,0.018415964284555227,0.01844629639342705,0.01844629639342705,0.07748468003872322,0.01881726183755145,0.0178349133773882,0.02756607765163212
585,0.013811805789125511,0.013800601710432549,0.013800601710432549,0.013800601710432549,0.013800601710432549,0.013800601710432549,0.013800601710432549,0.013782172200696692,0.013797969088115185,0.01476089003242639,0.01835016751012876
586,0.014314161425962615,0.016823497200389618,0.016672180087257467,0.02109652970046365,0.017022638462771328,0.01453207790317953,0.023584096123534307,0.0589928419336725,0.04791694452086258,0.014443140553063945,0.014756479033165468
587,0.013841408085352953,0.013842955978799776,0.013842955978799776,0.013842955978799776,0.013845887054334843,0.013842955978799776,0.013842955978799776,0.03468863264642571,0.013843611756066916,0.013840576784514844,0.01595006454054648
588,0.016001564210344536,0.015373188677878643,0.01570992491944912,0.021074903683544848,0.02881194636732968,0.014356089146758238,0.015825646443889313,0.061302245165667964,0.016706789815656976,0.025654593329530222,0.017500819066909902
589,0.013847507606386932,0.013849056172367846,0.013849056172367846,0.013849056172367846,0.013851637908768585,0.013849056172367846,0.013849056172367846,0.014711214840311829,0.013843833660093842,0.013843729265733658,0.015953668965520314
590,0.013829432809855314,0.013834574229086448,0.013836044007806223,0.013836044007806223,0.01469193298086566,0.013833689730340284,0.013833689730340284,0.03858519699648989,0.053902652913996096,0.016214887218260882,0.019667587612408936
591,0.01380105024796541,0.013795793155366406,0.013793221682000494,0.013798143449717214,0.016495581798747123,0.015918372178303497,0.015918372178303497,0.03849415179335986,0.03392780384109499,0.017128661205507812,0.021281500082488372
592,0.01693565787217077,0.016137364716707014,0.01687018676059965,0.017496604441517696,0.016140674289576443,0.0169064172447895,0.01689957580943386,0.07675619644300527,0.042795783848304444,0.01828025136809377,0.018319886469730887
593,0.013850535565243327,0.01472887218370907,0.013851770508068715,0.015055415819863744,0.015416608216276438,0.013851770508068715,0.013851770508068715,0.05008844511227727,0.044179139048584545,0.013849084313125514,0.013837308947357081
594,0.0540428962877299,0.017292326952197012,0.016447813603276087,0.016448749388184244,0.03759076787780928,0.017214740788599147,0.026309647507122745,0.049430088113120024,0.03761309765601176,0.02674637118179838,0.03668187319420605
595,0.02733567520151522,0.026183118116212642,0.03483114962670831,0.058982862679718646,0.0405928058094847,0.024116000218830685,0.02457367420099977,0.12718001566117582,0.03643172992213386,0.044115619284549684,0.04629519719865579
596,0.016265191298564234,0.01614574544413667,0.016718958702870067,0.01614631610765128,0.014659593913103383,0.015464315884654264,0.015464315884654264,0.028206897143818604,0.016819097247263312,0.01818436966331179,0.026588237732578335
597,0.01727517468047001,0.01714844115500025,0.017756610076323592,0.01679651708522184,0.014319305995575139,0.01642539943226435,0.01642539943226435,0.027275891913763468,0.016420778761013048,0.017819879922275576,0.026196630036619453
598,0.04647349677535147,0.01383260326539468,0.013838156351494142,0.013839071636203392,0.01736807500870363,0.013839071636203392,0.013836492209103808,0.12503209947806296,0.04852085482523782,0.013832004310682362,0.013812056730181585
599,0.02862482139780042,0.03662287376515404,0.02961170617851976,0.04302461475071413,0.03865536450125373,0.028914220431560788,0.027967725915237125,0.08726548252831952,0.05229191214201273,0.029284057877632524,0.02799495503484686
600,0.01639534063742195,0.014255253101332546,0.014790423029481949,0.016802709514973323,0.04165566495470236,0.015169812697282637,0.01656295670607679,0.038788477683961126,0.015563995842141489,0.018410829978397162,0.022741634212396198
601,0.013821836494147586,0.013822132328381163,0.013819206211083726,0.013818881542798516,0.013822132328381163,0.013819206211083726,0.013819206211083726,0.03576367021797614,0.013759795911991557,0.013819206211083726,0.013807312229872243
602,0.013742101268665098,0.01538460524999229,0.014218508603410085,0.0161467223807479,0.013777426984362195,0.013778671460067653,0.013778671460067653,0.213853834154884,0.015065173361695943,0.013768777070399594,0.01742225646892001
603,0.025852747409648977,0.015419100866948157,0.014850872260670308,0.01502626821646734,0.020721365737004643,0.01627166044640653,0.022841501445852886,0.18875159384853354,0.015065316786886223,0.014701125009340617,0.038642985895320406
604,0.01378627190226343,0.013804588018140178,0.013802869797214278,0.014891464362685758,0.013805792503818899,0.013805792503818899,0.013769815100830494,0.0690520502385902,0.013939532241907238,0.013802869797214278,0.013861810345055238
605,0.01823771318141966,0.018900537890625218,0.018900537890625218,0.018251006745487533,0.01863902520730201,0.016002995512849796,0.016316099195651076,0.02918104559219675,0.0273923332624491,0.018547962252857028,0.018627701915327633
606,0.015338218497093128,0.015225474646458716,0.015766539627706508,0.015226013286826547,0.014319387004734289,0.014319387004734289,0.014582309352660697,0.043075996177125334,0.0459739002762186,0.015821720844837885,0.024819359622279345
607,0.013818264791141536,0.013822662363380978,0.013829463904732331,0.013830378622568074,0.02339869198997399,0.01470458016162267,0.013830378622568074,0.11658659586621613,0.037476332672339796,0.013828835614598765,0.01380631865893988
608,0.01655947611331306,0.01655947611331306,0.01781829675887855,0.01781829675887855,0.016894405978048792,0.014869597182856839,0.014777789269160268,0.014755326183402034,0.014774647411163619,0.014774647411163619,0.014850194302416275
609,0.013847507606386918,0.013849056172367835,0.013849056172367835,0.013849056172367835,0.013849056172367835,0.013849056172367835,0.013849056172367835,0.014682970067418656,0.01380179990946048,0.013843729265733648,0.0159536689655203
610,0.01382791590806497,0.013832520990304544,0.013808282834230348,0.015052731877395597,0.02702000784628885,0.01469529542788121,0.014680701765217862,0.055183019369122156,0.021865717689907808,0.013837828423296712,0.013807730801786596
611,0.013830128835275743,0.013807006547357097,0.013807301170485932,0.013805640686717613,0.013808214442944331,0.013808214442944331,0.013807301170485932,0.03125784449330022,0.025101973877118176,0.014931060066169326,0.01860664630487836
612,0.01382941725726058,0.013809580554652702,0.013807301170485932,0.013807301170485932,0.014689714379814523,0.013807301170485932,0.013807301170485932,0.03125582852751821,0.013801719107754176,0.014931060066169326,0.01860664630487836
613,0.03041499014735984,0.030300625624947043,0.04740222751263892,0.029836028038882596,0.026377621646158752,0.026144399216104043,0.021725277368228862,0.13632184871815323,0.05513279688778349,0.04002643138852753,0.030601859191150257
614,0.01382941725726058,0.013807006547357097,0.013807301170485932,0.013808214442944331,0.013808214442944331,0.013807301170485932,0.013807301170485932,0.03249364812939264,0.013800806258884045,0.014931060066169326,0.01860664630487836
615,0.013784082188200614,0.01378265882470848,0.013785622064614474,0.01378653392317238,0.02083304425967237,0.014598303517178434,0.014597338761875193,0.10179683115177482,0.01678306759814074,0.014583569280809595,0.014632156969544053
616,0.014870365635208712,0.014386910097339434,0.013848559262553859,0.013806150142480444,0.013836125360322624,0.013806150142480444,0.013848782568988187,0.045507935121855775,0.03491804301970466,0.013800490710551843,0.015657811989157073
617,0.013834795218629403,0.013836342382931016,0.013836637623264678,0.013836637623264678,0.013836637623264678,0.013836637623264678,0.013836637623264678,0.013819937388135244,0.01381675240558909,0.014968357616399558,0.01734463119704429
618,0.016013817079831853,0.02727892108910011,0.017441948376310225,0.016667915571776788,0.03797767454736187,0.016092342399252002,0.016012521954031786,0.11899333705172108,0.02801373004125052,0.015989822399926,0.016049529244203102
619,0.015860548036081872,0.013731560194863365,0.014223995795451843,0.03567724220256569,0.013773522222022296,0.013768082873604525,0.013773522222022296,0.0756616559566917,0.03561894110904995,0.013729078142855048,0.016262959382589058
620,0.0200730551601312,0.019909344395139486,0.020613375080781888,0.019889211098503477,0.01993815033796261,0.013747848251035888,0.013747848251035888,0.028821905248848773,0.030997486535263467,0.01491364595940579,0.019069381860007274
621,0.013825309020338388,0.013829469394210621,0.013826541745448229,0.017155080347546744,0.013827335347333413,0.014683933519575348,0.013829469394210621,0.03673985733638541,0.013826039118206453,0.013829365106650284,0.0138853146747614
622,0.013853512895575355,0.013740390690661778,0.01533448379773841,0.013740171646099439,0.013783292375368518,0.013783292375368518,0.014219798470591922,0.03186932896609313,0.016351901801038713,0.015380526144976212,0.01963862585143224
623,0.013843457546034875,0.013844426576653203,0.013842141521595207,0.013842141521595207,0.013804488195117193,0.013842141521595207,0.013842141521595207,0.026666934433760805,0.01499679266556525,0.014995237244708456,0.015028373096534965
624,0.03422573358274409,0.05468569588110788,0.048342646333760064,0.04146856005366731,0.028946411729447605,0.05645814850741727,0.028005639927589258,0.34463777707685334,0.06818362200790891,0.026540822996295083,0.02458086097836505
625,0.029809334313037044,0.0337125036836624,0.03668559377379712,0.03394501531492444,0.017810347800723016,0.022217044819999546,0.02286193465718677,0.108728501399461,0.06370766171850394,0.024605301770253753,0.03625668142181425
626,0.015506676537939598,0.015494594535257922,0.01548821597277516,0.01606447243404933,0.015494594535257922,0.016233662096059257,0.016233278827501106,0.03417595042946176,0.01677135989895049,0.016221019300413562,0.016316148615028975
627,0.01550865526629332,0.015495260570700423,0.015495260570700423,0.015495260570700423,0.015495260570700423,0.01623435937647129,0.016233976091722346,0.016225010752400716,0.017571586300004403,0.017586219691137234,0.02185674975484407
628,0.013847507606386932,0.013849056172367846,0.013851637908768585,0.013851637908768585,0.013849056172367846,0.013849056172367846,0.013849056172367846,0.014721053758636266,0.013843833660093842,0.013843729265733658,0.015953668965520314
629,0.01448253601095366,0.013723313711365526,0.014875180211256847,0.013753259485119313,0.013796420713342519,0.013775016267928306,0.013774734094417665,0.06262785694288033,0.0177318125411752,0.013783434920870212,0.017388369686282178
630,0.01567638650257412,0.013847244091935166,0.0138446631629784,0.013846879483156894,0.013838668124739387,0.0138446631629784,0.0138446631629784,0.024675695514409332,0.02148628414831098,0.01481283420278722,0.01706494833301753
631,0.01657467121669985,0.015300299070756836,0.016964630837888833,0.017834626018104656,0.016120326354205926,0.014883265107545111,0.016241329018632154,0.06128841439120687,0.013719322222799188,0.015931395700327224,0.015930529382096374
632,0.014606046038573317,0.015198364128876015,0.013744992457158356,0.015265285615079099,0.029400149969969317,0.013744992457158356,0.013744759035921063,0.06232543025391323,0.03806493865695079,0.014396319714431494,0.014409441966325105
633,0.028136740189118,0.01731914028426799,0.016415893730510483,0.03569985038706857,0.01573571342418647,0.015738305433494675,0.014784817109933297,0.03914267729660531,0.025584651550414998,0.03188975354304234,0.06656072502449607
634,0.015068679389219394,0.014710853502133603,0.01383688504463169,0.014695892157638845,0.01471934222540299,0.013837800246433938,0.013837800246433938,0.15061366329644452,0.0396423979519503,0.013825755494465684,0.01456435517297944
635,0.01384613580445672,0.013847684219183287,0.01385026570341705,0.01385026570341705,0.01385026570341705,0.013847684219183287,0.013847684219183287,0.03008782229336625,0.013771846271745797,0.013844599199435783,0.015954669341793095
636,0.014542780426360721,0.030589948622963947,0.013793987085724707,0.018305551324534944,0.03693779806783352,0.013781842356333434,0.014624947815590893,0.04351186629228856,0.014814022290102405,0.014535479884435664,0.015659900390376888
637,0.013836831795433335,0.013838379184292215,0.013837269791551863,0.014673865625870306,0.014714361005884528,0.013836354624340502,0.013836354624340502,0.040644562397926055,0.013721156205672661,0.014968051821881103,0.01734427771147697
638,0.01433294062801043,0.014540123229436226,0.013804863253158618,0.01380449974467999,0.014303278063297457,0.02294989540254143,0.021686173817123774,0.029988455280926217,0.028851993737644403,0.016514799582490802,0.01925165194171964
639,0.013849353899756571,0.013848007195104694,0.013848007195104694,0.01488695827066947,0.013850588738701965,0.013848007195104694,0.015096269927043281,0.026630436324832314,0.014068730140305291,0.01384719761502318,0.01383526183505854
640,0.029071032837324845,0.022507105145484912,0.04346521364957034,0.021156416525572725,0.017450347749596914,0.01612680132218016,0.031354021135697324,0.054261412314359186,0.019432255284308978,0.041082822166646424,0.05870665738858376
641,0.013831995383932554,0.013809580554652702,0.013807301170485932,0.013808214442944331,0.013808214442944331,0.013807301170485932,0.013807301170485932,0.028873585675380585,0.018833236298132463,0.014931060066169326,0.01860664630487836
642,0.013911875898381115,0.013785532986856919,0.013783745471963482,0.013779637729474352,0.016378248451273114,0.014645773547171559,0.013783745471963482,0.16770316260163265,0.013929701502202643,0.013783745471963482,0.0137720428491871
643,0.02839505622377693,0.017265771626989775,0.016416229004134343,0.018929953168549445,0.03070789417978712,0.01643342228223903,0.016399551077847806,0.029399012201633365,0.016669666711754877,0.02904893235401683,0.0478209809994197
644,0.013944882124036441,0.013845961071273515,0.013851151072061035,0.02048854866993362,0.014948031118984384,0.01497632412445332,0.032178110725827665,0.05395803194281996,0.024465355531088796,0.013848099027615723,0.013833745565596259
645,0.01382231359951707,0.013824113003542972,0.01382708503104508,0.013827635484581288,0.013827999593742021,0.013827999593742021,0.013827999593742021,0.1454290010166401,0.01476841956430312,0.016187125678517347,0.015284713719487884
646,0.013844338837741799,0.013842955978799787,0.013845887054334854,0.013842955978799787,0.013842955978799787,0.013842955978799787,0.013842955978799787,0.03423496931790152,0.036862694370714905,0.015003950012445703,0.01719982551093704
647,0.041654005923064535,0.026328406839228692,0.025874953347634656,0.016190213033134976,0.015567415446211768,0.023939502426170614,0.023932834074941952,0.04076245449186929,0.01623904195955423,0.026462513285284074,0.05658403148670682
648,0.017420392300932955,0.0219906807503487,0.03811061553412487,0.021745252904835387,0.026205565363359898,0.05538917177023527,0.020477685601919756,0.07342541794534578,0.018738048347471174,0.03613570275694893,0.036426583114043225
649,0.016015280150357736,0.01382971530256758,0.013829599585766352,0.01466854763581475,0.027202868586616233,0.014700506787578302,0.013855858906904437,0.07200037337592857,0.01557864188119515,0.013767047846592807,0.013841452071343258
650,0.017276521157885343,0.0171497779268187,0.017757993400142245,0.01715038345876859,0.01642668078285245,0.01642668078285245,0.01642668078285245,0.01640014692010248,0.02312774011269682,0.01782126808568481,0.026198653340391738
651,0.013835431483023752,0.014970874496919051,0.013836695201251928,0.013835031232110778,0.013837610390673714,0.013837610390673714,0.013836695201251928,0.04825847406612621,0.014978215740926644,0.01499176838834185,0.015064107319027128
652,0.01475009793904662,0.01385163790876857,0.01385163790876857,0.01385163790876857,0.013740345759473272,0.01385163790876857,0.01385163790876857,0.014726873205187391,0.013846414436585477,0.013843729265733648,0.013838395748710227
653,0.013834252779955068,0.013835799884446104,0.013836354624340502,0.013836354624340502,0.013836354624340502,0.013836354624340502,0.013836354624340502,0.014831649180697144,0.013757044055397846,0.014968051821881103,0.01734427771147697
654,0.01960783293647698,0.01960783293647698,0.019608686211753705,0.01961726793002338,0.02000751455274766,0.018049577282792106,0.017954253297042345,0.048486794637243494,0.04551797355253344,0.0179452953112824,0.017944599427049616
655,0.04938117406266752,0.03871599875114571,0.04259597775863221,0.1080779234446595,0.04989670642486293,0.021304354866550378,0.02821115712840593,0.27799966141265614,0.09772669974069925,0.02517216627914422,0.0223739811740232
656,0.013848717004088781,0.013847684219183299,0.013847684219183299,0.013847684219183299,0.013850265703417063,0.013847684219183299,0.013847684219183299,0.014711603465338029,0.013829073755706021,0.013844599199435793,0.01595466934179311
657,0.014333551567712328,0.015200404202071041,0.015225059076859419,0.014312638443274973,0.03483779610523003,0.01379256768887474,0.013790089019199994,0.03394599612038525,0.033016431980373365,0.014456808448546994,0.0179737035011457
658,0.043411704015874075,0.045160305593330244,0.04736699452984837,0.0438603074415861,0.03426608588721199,0.02978718032307487,0.02971463300586365,0.02971213086567053,0.03205438789127177,0.034392208986251505,0.0457234576677813
659,0.019889544787504265,0.01581935492826892,0.0178158008563929,0.01444122544584889,0.014420825197433092,0.014420825197433092,0.016480337040347768,0.03512872454041703,0.01454935484211984,0.01791335963004492,0.022802841348398547
660,0.014670650483717063,0.013702092323606608,0.014842975585522349,0.01373847789663556,0.014924731380692939,0.014537206981219832,0.014536909424793975,0.1423204259509742,0.025262087080084112,0.014566649923995837,0.019246510764028068
661,0.01382941725726058,0.013809580554652702,0.013807301170485932,0.013805640686717613,0.016110039241033013,0.013807301170485932,0.013807301170485932,0.018316242566912572,0.016203306030740036,0.016187599810804407,0.02016244202314657
662,0.015508655266293307,0.015495260570700409,0.015495260570700409,0.015508442980944252,0.015501641988702028,0.016234359376471275,0.016233976091722332,0.0328073359754814,0.01621240108576326,0.016225921259738253,0.02017290770277155
663,0.013840240801608249,0.013841788566349218,0.013842083921262554,0.01384041931318125,0.013842083921262554,0.013842083921262554,0.013842083921262554,0.013803942014049806,0.013777820297799743,0.014971821138221403,0.017303582284311163
664,0.017258732045070172,0.016043689710605814,0.01612687704110622,0.01485191302277652,0.03149005358977915,0.014903486408871972,0.014270555267179774,0.2526389287998578,0.06117941920755687,0.015332786861802665,0.014527250154645966
665,0.013797121696913115,0.013809367327746867,0.013809367327746867,0.013804192764093297,0.014665565155057143,0.013804192764093297,0.013809367327746867,0.05841678107877622,0.023454561034123907,0.013798526133718127,0.013753582712154912
666,0.013850089058158944,0.01385163790876857,0.013849056172367835,0.01385163790876857,0.013849056172367835,0.013849056172367835,0.013849056172367835,0.014679755063952806,0.013770163640648972,0.013843729265733648,0.0159536689655203
667,0.01381244624076049,0.013801742894333323,0.013799170327480416,0.013801742894333323,0.0142943723008466,0.013801742894333323,0.013801742894333323,0.03276033023600916,0.02122632405340786,0.014756512233421521,0.014836701117359786
668,0.014712532862541573,0.013809580554652702,0.013807301170485932,0.013805640686717613,0.013798193281094755,0.013807301170485932,0.013807301170485932,0.03899039100478455,0.021005740974942982,0.014931060066169326,0.01860664630487836
669,0.013840240801608237,0.013841788566349208,0.01384208392126254,0.02062071699510734,0.01384208392126254,0.01384208392126254,0.01384208392126254,0.023269125651476607,0.013836487993735885,0.01497182113822139,0.01730358228431115
670,0.02700253946231628,0.02307137051135132,0.023735990200851386,0.025174988722794268,0.029796963252455046,0.01520263926610812,0.01689421043732261,0.3307226817622669,0.07160234556486653,0.017678041797635484,0.019564614840845544
671,0.028337898426051496,0.017257289862684242,0.0262866534475093,0.016846956064898302,0.01638478663535334,0.016403107347150593,0.016673964263443752,0.05845929162909651,0.048609630536168597,0.01662037519648274,0.03652524774554854
672,0.018237713181419674,0.018900537890625232,0.018900537890625232,0.01825100674548755,0.018639025207302026,0.016002995512849807,0.01631609919565109,0.016291336456470438,0.01631263569770938,0.018547962252857046,0.01862770191532765
673,0.02305567798830307,0.03723314382653174,0.04236672703518758,0.025923234979052582,0.02117121367926966,0.027366511019238607,0.02474810741666749,0.08002887058920753,0.017342477197349358,0.028109518818030223,0.02926734903263092
674,0.01382941725726058,0.013809580554652702,0.013807301170485932,0.013808214442944331,0.013807301170485932,0.013807301170485932,0.013807301170485932,0.034595717702911824,0.013800806258884045,0.014931060066169326,0.01860664630487836
675,0.013848982828840355,0.013850516594695378,0.014713891106280031,0.017664056382930553,0.013850516594695378,0.014306955444397862,0.03331632544220168,0.031201393989133838,0.014713420793468284,0.013934977576875176,0.015974137606575286
676,0.015638642321763725,0.01622412711030456,0.018803900525923938,0.0204983569918731,0.014371875831150403,0.013976683974282623,0.013979331057731506,0.04455044836307638,0.02752431299423481,0.02286758186371537,0.014915940073991224
677,0.013832059976727725,0.014673178588639955,0.01489236579040253,0.01489512168040935,0.01604829285778607,0.01489512168040935,0.014871244185508616,0.03691101828190097,0.03002664279442733,0.014307145743322367,0.014884156188244749
678,0.013838869709461021,0.013840417323023647,0.013840712649088163,0.013841628100503132,0.013841628100503132,0.013840459215648172,0.013840712649088163,0.048029793589082874,0.013821735811322159,0.014972760884407074,0.017304665818496386
679,0.01381509991701923,0.013810634370362639,0.013810929069820257,0.013810743467213844,0.013821036363993277,0.013814964974380225,0.013814638008147067,0.05649062055203182,0.014005400606634001,0.013812393324563159,0.013876534881718215
680,0.013838869709461021,0.01473903179916618,0.013840712649088163,0.013839760270208662,0.013841628100503132,0.013840712649088163,0.013840712649088163,0.032502675336106936,0.013821735811322159,0.014972760884407074,0.017304665818496386
681,0.02255908492015561,0.026380428309791457,0.026950048882531046,0.025459515944397135,0.05469250511697994,0.023317688108399914,0.024610633328404432,0.16664172714626818,0.10552632435877549,0.02613855856903107,0.026117050324837562
682,0.01458984685271818,0.015135548188449281,0.014626218313119325,0.015097658425589513,0.025466353753913675,0.013773677120694196,0.013708002721473498,0.1401599737713738,0.044521005630864106,0.013756130614110363,0.013736178904853466
683,0.013840051320277571,0.014818569260419185,0.013851695548299316,0.014962681043876288,0.013851273533907209,0.013851695548299316,0.013851695548299316,0.025525259646707012,0.015010333268622231,0.015007425819334598,0.015001650789839217
684,0.021594488915663162,0.02980412489458248,0.03394623810787955,0.0313989979592481,0.021622865123996044,0.017131102936611103,0.016991506846252225,0.01696428934827345,0.01803609535442367,0.01931556262220346,0.02148433719313308
685,0.023755182472621192,0.018159419734794905,0.014307098127786749,0.014717043536300111,0.016456483344956748,0.013986873933812375,0.01742874873735901,0.09003697920801663,0.033314238793925574,0.0136391727168696,0.022664962370171963
686,0.014343483867382555,0.01467764752496887,0.021511306348951792,0.014627454710675662,0.020862113777301506,0.01585454462681097,0.014245016674382719,0.045290717290211245,0.022091458994376492,0.015853619626682577,0.01584691922200249
687,0.0302302502015701,0.03277954227355201,0.037319266372064466,0.028366570653022744,0.08734792128399763,0.018212664723570797,0.018109269687283488,0.05928152196325951,0.03198863003870841,0.020577462407228027,0.021405670339266
688,0.015894005083015868,0.015910816747688697,0.01589586749408551,0.016745465342550718,0.015881789435253587,0.01666298647733853,0.01827592485799924,0.03858365647862064,0.030961556282813146,0.017689313030966696,0.016646510641281267
689,0.013834047110720516,0.015490856046678944,0.013841894170931127,0.013841894170931127,0.013814366527666416,0.013834406210335833,0.013840978702165892,0.06448351675146043,0.01701603966285587,0.013833641389241084,0.013865512022876846
690,0.01911647869221701,0.016282474682629645,0.019044029192190063,0.014878495660897344,0.02491486923923265,0.016313371773121116,0.016397131703832193,0.06806629932664908,0.014644007222805481,0.014649314191358672,0.014791249740539686
691,0.01953835736179471,0.020852817452312173,0.03015955287721461,0.026731787464117956,0.019311569134682245,0.014386955112155111,0.01639322288353909,0.08106769180803525,0.09210020507010332,0.018941981316131715,0.021996923202487726
692,0.013832399631972202,0.015663621224319527,0.02224065361332339,0.02248658033019472,0.025721937046728413,0.013829316395063627,0.014526854573519035,0.05061588405448783,0.0261948060071014,0.014811150320104298,0.014798569220451196
693,0.0140386681128683,0.016285429882880557,0.01404975149757082,0.014055935234746351,0.03390650901068181,0.014208489098255245,0.014127499044252088,0.1627314259673122,0.07193503812394386,0.015027298933436229,0.015082322742397137
694,0.013819431780385437,0.014660689175716642,0.013820866881082946,0.013820866881082946,0.016555661084964052,0.01381794102792451,0.01381794102792451,0.06040936160818339,0.014539756250063752,0.013820762657484723,0.013806105664384343
695,0.019688982372188277,0.015539741123949501,0.014335568927952465,0.01376692676873554,0.024844262926223656,0.013779135503852681,0.013768384229121024,0.06208473614623347,0.026610553083702044,0.021824345125838654,0.015154678914133695
696,0.01616070640777476,0.01588042353701412,0.016810482164897236,0.024174964437061335,0.02525563177322528,0.017217704307303936,0.02538861336972493,0.16806241166228125,0.01979823496728354,0.017310235208028796,0.017253112555649267
697,0.014717086431773855,0.013835249639834072,0.014714545693148066,0.01383329658576442,0.01472083888886292,0.015199756945671116,0.01383516355595087,0.026278123484006866,0.02254728125490613,0.013819337607720564,0.014523655259602683
698,0.01506971910084201,0.013833766230775191,0.013837114972605547,0.013838030189402334,0.013834138699516614,0.013837114972605547,0.013837114972605547,0.12760534594630926,0.016656249504773218,0.013918005675059873,0.01392916696788816
699,0.0146532007638369,0.014541705711719225,0.013804015158671686,0.015309221611969756,0.015312650956219472,0.013804015158671686,0.014295615586837708,0.030813289584610482,0.023853530870679405,0.014456721570364662,0.01558578090894315
700,0.013842782288484845,0.013850196208327078,0.013847614736864284,0.013850196208327078,0.014741546117252691,0.02906378724876485,0.014856085948380714,0.0411023353372358,0.013842138032836312,0.013843123302863322,0.013836088394807097
701,0.023983786029892276,0.015190015103181282,0.017160749352607887,0.01865365166354225,0.013648290821925292,0.013640609100622668,0.015862304586203337,0.0460631809892205,0.014548180092831963,0.013641949975091558,0.025852767491521624
702,0.013842720525022322,0.014696877811504415,0.013841094276296049,0.013843674549278885,0.017311062180294965,0.013843674549278885,0.013841094276296049,0.043176051053563744,0.0156827186457712,0.013925130637250703,0.013910698458748096
703,0.01382941725726058,0.013807006547357097,0.013808214442944331,0.013808214442944331,0.014651402465290685,0.013807301170485932,0.013807301170485932,0.03399555792962982,0.013801719107754176,0.014931060066169326,0.01860664630487836
704,0.013850089058158944,0.01385163790876857,0.013849056172367835,0.01385163790876857,0.014678393961705782,0.01385163790876857,0.013815953136963124,0.022512975212166338,0.013791386421225394,0.013843729265733648,0.0159536689655203
705,0.016558825006649385,0.016558825006649385,0.018534804060901227,0.018482243388144567,0.017524540770065548,0.014832635352664695,0.014744117814654198,0.014720446342237936,0.014739722580199396,0.014736533687182165,0.014850103431289353
706,0.013848717004088781,0.013850265703417063,0.013847684219183299,0.013850265703417063,0.013847684219183299,0.013847684219183299,0.013847684219183299,0.013767710082236307,0.013829073755706021,0.013844599199435793,0.01595466934179311
707,0.013834795218629403,0.013838921782491655,0.013836637623264678,0.013837552808931569,0.014691000591120204,0.013836637623264678,0.013836270059036275,0.04444111950903173,0.01381766629443262,0.014968357616399558,0.01725652935576876
708,0.014428226002685443,0.01432359164465228,0.015729842087398464,0.016748436213968224,0.01543895359943672,0.014580410222852638,0.014580111795200003,0.08686996913059747,0.01537228095885238,0.015390953467672778,0.019377384670121463
709,0.019714746347090674,0.0207390579219464,0.0298876943348335,0.030340813048022552,0.021630658226045842,0.019956979504488305,0.03480002508404216,0.044165680581108015,0.019687428316603462,0.03657194355381905,0.027187982611732456
710,0.013838869709461035,0.013840417323023657,0.013840712649088174,0.013841628100503146,0.013840712649088174,0.013840712649088174,0.013841628100503146,0.013824007564521044,0.013821735811322173,0.014972760884407087,0.017304665818496403
711,0.054732003199725265,0.028626347566073337,0.05838546049421032,0.0575505513076258,0.04159414341266678,0.024963066209062003,0.04697897911285502,0.11691570621242442,0.058868496026724663,0.026719759228648977,0.0312102730521639
712,0.013814628910111109,0.013810476540749118,0.013810771236886054,0.016945491507940787,0.013814807095969328,0.013814807095969328,0.013810444368518367,0.035417736309859164,0.01379580705613672,0.014941331730481877,0.01731729035635465
