357,0.0,0.0,0.0,0.0,0.007471204222737681,0.0,0.0,0.06678666792058947,0.006067459298378813,0.0,0.0
358,0.0,0.0,0.0,0.005903014092814168,0.0,0.0,0.0,0.01874307925285941,0.008339881378339695,0.0,0.0
359,0.02023546972929723,0.02023546972929723,0.012961933407917216,0.012961933407917216,0.03321168368415764,0.02023546972929723,0.02023546972929723,0.29445462022696944,0.22727112416070322,0.02137567379110965,0.012961933407917216
360,0.0,0.006683687950923279,0.0,0.0,0.008508941997442442,0.0,0.0,0.026864166585353313,0.006683687950923279,0.0,0.0
361,0.007073657222885463,0.011080102718697903,0.01171059708695406,0.0182949662131032,0.007073657222885463,0.0182949662131032,0.011080102718697903,0.20059893716688013,0.0182949662131032,0.011080102718697903,0.011080102718697903
362,0.018015745423391016,0.029611557429818126,0.018015745423391016,0.018015745423391016,0.029611557429818126,0.018015745423391016,0.018015745423391016,0.0920918542721113,0.10106211441773091,0.018015745423391016,0.018015745423391016
363,0.0,0.0,0.0,0.0,0.0,0.0,0.0,0.0,0.0,0.0,0.0
364,0.0,0.0,0.0,0.0,0.0,0.0,0.0,0.014456872946893597,0.0,0.0,0.0
365,0.0,0.0,0.0,0.007220446491768247,0.0,0.0,0.0,0.01019559498079796,0.006506873531525216,0.0,0.0
366,0.0,0.0,0.0,0.0,0.0,0.0,0.0,0.006172018030692025,0.006172018030692025,0.0,0.0
367,0.005675830869882736,0.00940514381282201,0.005675830869882736,0.00940514381282201,0.00940514381282201,0.006000670362727021,0.005675830869882736,0.029635841596803502,0.00940514381282201,0.00940514381282201,0.0
368,0.04925966264062453,0.019421740946452132,0.03020922873328955,0.05616674071477782,0.03645849031582728,0.03189312846120404,0.03020922873328955,0.13071500677620357,0.044578043123251795,0.03189312846120404,0.03020922873328955
369,0.0,0.0,0.0,0.006166960809867202,0.0,0.0,0.007076653208398907,0.019569852875723052,0.006166960809867202,0.0,0.0
370,0.005675830869882736,0.006000670362727021,0.006000670362727021,0.005675830869882736,0.013268454746689655,0.005675830869882736,0.005675830869882736,0.029635841596803502,0.007389078119481864,0.0,0.005675830869882736
371,0.0,0.0,0.0,0.0,0.00619374048484191,0.0,0.0,0.07755822998954784,0.006873211438553982,0.0,0.0
372,0.0,0.0,0.0,0.0,0.0,0.0,0.0,0.06472472868295912,0.02106072863239871,0.0,0.0
373,0.006015919091844347,0.00996644772681076,0.006015919091844347,0.01558562139499851,0.01558562139499851,0.01558562139499851,0.009428961825231869,0.04846031418392917,0.014057051254884628,0.00996644772681076,0.009428961825231869
374,0.0,0.0,0.0,0.0,0.007332109176517283,0.0,0.0,0.008412218573385982,0.007332109176517283,0.0,0.0
375,0.0,0.0,0.0,0.0,0.007501010511268771,0.0,0.0,0.019334206096825284,0.006091699733387924,0.0,0.0
376,0.025422090373501113,0.01544075833299127,0.01544075833299127,0.029088984252245376,0.016315294613767895,0.016315294613767895,0.016315294613767895,0.07741320942450346,0.03562798470579573,0.00987328914778895,0.00987328914778895
377,0.0,0.0,0.0,0.0,0.0,0.0,0.0,0.009996536692263273,0.022864292884755548,0.0,0.0
378,0.015877070477710576,0.026132960478693745,0.026132960478693745,0.04049414798258077,0.056400665262683766,0.02474541358117731,0.02474541358117731,0.13456232889898967,0.026132960478693745,0.015877070477710576,0.02474541358117731
379,0.0,0.0,0.0,0.0,0.0,0.0,0.005907856150624914,0.005907856150624914,0.0,0.0,0.0
380,0.0,0.0,0.0,0.0,0.006091699733387924,0.0,0.0,0.019334206096825284,0.0,0.0,0.0
381,0.0,0.0,0.0,0.0,0.0,0.0,0.0,0.0,0.0,0.0,0.0
382,0.008288448737778308,0.0,0.008288448737778308,0.008288448737778308,0.008761496187886953,0.0,0.008288448737778308,0.04280262941127504,0.013710715559196502,0.0,0.0
383,0.0,0.0,0.0,0.007332275223227581,0.0,0.0,0.0,0.008412408873515033,0.008412408873515033,0.0,0.0
384,0.014527741098743382,0.02393322052048306,0.009286373161727693,0.014527741098743382,0.03356198045768004,0.014527741098743382,0.014527741098743382,0.2295185204716953,0.08461044859257622,0.014527741098743382,0.014527741098743382
385,0.00808706971265203,0.0,0.0,0.0,0.0,0.0,0.0,0.018180691058574956,0.0,0.0,0.0
386,0.007664278902125686,0.008101994077829047,0.012683438856739318,0.012683438856739318,0.008101994077829047,0.008101994077829047,0.007664278902125686,0.03594321875555459,0.014540317559953867,0.0,0.008101994077829047
387,0.006207825162309888,0.0,0.0,0.008964920058177738,0.012649711302668445,0.0,0.0,0.09901661946389295,0.008964920058177738,0.0,0.0
388,0.0,0.0,0.0,0.0,0.0,0.0,0.0,0.021777877037622517,0.0,0.0,0.0
389,0.017950238027298344,0.011488484863799475,0.01896416894955343,0.017950238027298344,0.017950238027298344,0.017950238027298344,0.029505153151814643,0.06648351881858532,0.01896416894955343,0.011488484863799475,0.017950238027298344
390,0.0,0.0,0.0,0.0,0.0,0.0,0.0,0.01874671101371417,0.0,0.0,0.0
391,0.0,0.0,0.0,0.0,0.0,0.0,0.0,0.006579017297054644,0.0,0.0,0.0
392,0.006979606523807852,0.0,0.006979606523807852,0.013249590108861776,0.011555611565546341,0.006979606523807852,0.011555611565546341,0.12436488820489673,0.016287736807548654,0.006979606523807852,0.0
393,0.0,0.0,0.0,0.0,0.0,0.0,0.0,0.0,0.0,0.0,0.0
394,0.0,0.0,0.0,0.0,0.0,0.0,0.0,0.019334638655106075,0.0,0.0,0.0
395,0.0,0.0,0.0,0.0085136695778172,0.006687408257526439,0.0,0.0,0.026878815887133815,0.0,0.0,0.0
396,0.019716857066509615,0.020828460185351682,0.0126273309095418,0.019716857066509615,0.0323714930436906,0.0126273309095418,0.019716857066509615,0.0885002289817648,0.22265223108847368,0.019716857066509615,0.020828460185351682
397,0.0,0.0,0.0,0.0,0.0,0.0,0.0,0.0,0.0,0.0,0.0
398,0.008154964461317445,0.008154964461317445,0.008620459772845123,0.008154964461317445,0.013491094408168902,0.008154964461317445,0.0,0.04796686101549861,0.012165407779735862,0.0,0.008620459772845123
399,0.0,0.0,0.0,0.0,0.0,0.0,0.0,0.008972251033284657,0.005723570697880837,0.0,0.0
400,0.019347072606727918,0.0065234823232978864,0.010221522361758035,0.019347072606727918,0.01688686372271385,0.010221522361758035,0.010221522361758035,0.04748444127940389,0.12820822452330782,0.010803694417301416,0.010221522361758035
401,0.015544668155792175,0.020176373368945504,0.009940110503876033,0.015544668155792175,0.025591424432491367,0.009940110503876033,0.015544668155792175,0.07790116974403101,0.0509784791949011,0.015544668155792175,0.015544668155792175
402,0.0,0.0,0.0,0.0,0.0,0.0,0.0,0.01613436117901513,0.006247104528186127,0.0,0.0
403,0.0,0.005980903699262237,0.005980903699262237,0.005980903699262237,0.009908667673647988,0.0077855160285361085,0.005980903699262237,0.031188357188913482,0.006323092107536053,0.005980903699262237,0.005980903699262237
404,0.0,0.0,0.0,0.0,0.0,0.0,0.0,0.007248106587053547,0.0,0.0,0.0
405,0.0,0.0,0.0,0.0,0.0,0.0,0.0,0.01663452215992427,0.0,0.0,0.0
406,0.008252814093176075,0.008723845654373098,0.008252814093176075,0.013652089804158784,0.013652089804158784,0.0,0.008252814093176075,0.15709456934329846,0.013652089804158784,0.008252814093176075,0.008723845654373098
407,0.0,0.0,0.0,0.0,0.009269776697920453,0.0,0.0,0.09884859572215082,0.008080456097261999,0.0,0.0
408,0.0,0.0,0.0,0.0069994767897778145,0.0,0.0069994767897778145,0.0,0.02217134331383364,0.009884482351920822,0.0,0.0
409,0.0,0.005687095900587233,0.0,0.0,0.0072421740673184595,0.0,0.0,0.014701141958933298,0.005687095900587233,0.0,0.0
410,0.0,0.0,0.0,0.0,0.007392844828537701,0.0,0.0,0.015032727373801218,0.0,0.0,0.0
411,0.005813253910509654,0.005813253910509654,0.0,0.009112371623728865,0.009112371623728865,0.0,0.0,0.028731574958290085,0.012856982641404249,0.0,0.0
412,0.029505153151814643,0.01896416894955343,0.01896416894955343,0.029505153151814643,0.01896416894955343,0.023281758225426392,0.017950238027298344,0.08908332854142369,0.04128079291489152,0.011488484863799475,0.011488484863799475
413,0.018830900349460843,0.012056016948486582,0.011407139953692039,0.018830900349460843,0.021568118023200945,0.007283312249603271,0.011407139953692039,0.18907772709889384,0.016989540419826785,0.007283312249603271,0.007283312249603271
414,0.007849270221825425,0.0,0.0,0.012987991133477733,0.008297462109716694,0.008297462109716694,0.007849270221825425,0.03678547140314403,0.011711154480175609,0.0,0.008297462109716694
415,0.024404987321539416,0.024404987321539416,0.024404987321539416,0.03785348921993129,0.043233948258807615,0.024404987321539416,0.023107011398311957,0.35376718873489116,0.02792937812292143,0.023107011398311957,0.023107011398311957
416,0.006183894258637671,0.006183894258637671,0.0096913060648905,0.0096913060648905,0.02253374503744603,0.0096913060648905,0.0096913060648905,0.16510030123454897,0.0096913060648905,0.0096913060648905,0.0096913060648905
417,0.010243591917145,0.0096913060648905,0.006183894258637671,0.0096913060648905,0.0096913060648905,0.010243591917145,0.0096913060648905,0.056575678369295536,0.025724289837679173,0.0096913060648905,0.0096913060648905
418,0.0,0.0,0.0,0.009112651953156966,0.009112651953156966,0.0,0.0,0.028732441344040908,0.0,0.0,0.0
419,0.0,0.0,0.006220221508612295,0.0,0.006220221508612295,0.0,0.006220221508612295,0.019736568336943743,0.006220221508612295,0.0,0.0
420,0.008100946844732452,0.008563385386228568,0.008100946844732452,0.008100946844732452,0.008563385386228568,0.0,0.008100946844732452,0.027032851475054038,0.018876090524315273,0.008100946844732452,0.0
421,0.0,0.0,0.0,0.0,0.0,0.0,0.0,0.013622980995019877,0.0,0.0,0.0
422,0.0,0.0,0.0,0.0,0.0,0.0,0.0,0.022860254146457374,0.006506873531525216,0.0,0.0
423,0.0,0.0,0.0,0.0,0.0,0.0,0.0,0.005907856150624914,0.0,0.0,0.0
424,0.0,0.0,0.0,0.0,0.0,0.0,0.0,0.006774555348330408,0.00590346625398521,0.00590346625398521,0.0
425,0.0,0.0,0.0,0.0,0.0,0.0,0.0,0.007315537633648965,0.0,0.0,0.0
426,0.0,0.0,0.0,0.0,0.0,0.0,0.0,0.005907856150624914,0.0,0.0,0.0
427,0.01544075833299127,0.016315294613767895,0.00987328914778895,0.029088984252245376,0.016315294613767895,0.00987328914778895,0.00987328914778895,0.07741320942450346,0.02295129410844793,0.00987328914778895,0.016315294613767895
428,0.0,0.0,0.0,0.009844699138062846,0.0,0.0,0.0,0.027091305199845733,0.012111683421005253,0.0,0.0
429,0.0,0.0,0.0,0.0,0.0,0.0,0.0,0.026334758957305353,0.011768395017401683,0.0,0.0
430,0.019018252995624787,0.007356636898529907,0.007356636898529907,0.011521499340360824,0.019018252995624787,0.019018252995624787,0.007356636898529907,0.06666391464536768,0.019603677650455148,0.011521499340360824,0.011521499340360824
431,0.0,0.0,0.0,0.0,0.0,0.0,0.0,0.024964702502862045,0.00971960514953703,0.0,0.0
432,0.0,0.0,0.0,0.0,0.006873211438553982,0.0,0.0,0.02177739103257376,0.0,0.0,0.0
433,0.0,0.0,0.0,0.0,0.0,0.0,0.0,0.023785110317865493,0.009253513601767028,0.0,0.0
434,0.007995869429559046,0.0,0.007995869429559046,0.007995869429559046,0.013229285452828499,0.013229285452828499,0.007995869429559046,0.041342501863047255,0.013229285452828499,0.007995869429559046,0.0
435,0.0,0.0,0.0,0.0,0.0,0.0,0.0,0.013622980995019877,0.0,0.0,0.0
436,0.0,0.0,0.0,0.006981897620738709,0.011559387277667662,0.0,0.006981897620738709,0.016293033220613165,0.009085778205342917,0.006981897620738709,0.006981897620738709
437,0.0,0.0,0.0,0.0,0.0,0.0,0.0,0.025752779230300744,0.0064016874275340955,0.0,0.0
438,0.009550355488238673,0.009550355488238673,0.009550355488238673,0.009550355488238673,0.009550355488238673,0.011577016022069262,0.015785016197241777,0.044476459142169134,0.014237173106867097,0.009550355488238673,0.009550355488238673
439,0.006867915999555045,0.0,0.006867915999555045,0.006867915999555045,0.01602949818342793,0.008937759227091153,0.006867915999555045,0.040654083766604086,0.01602949818342793,0.006867915999555045,0.006867915999555045
440,0.00831769311263091,0.00831769311263091,0.007868417106672179,0.013019508514492828,0.0117396102715743,0.00831769311263091,0.007868417106672179,0.036872579724214836,0.013019508514492828,0.007868417106672179,0.0
441,0.0063741434617842745,0.0063741434617842745,0.006029209057439682,0.009988377237129137,0.009988377237129137,0.0063741434617842745,0.006029209057439682,0.03143381489814694,0.007848281438057873,0.006029209057439682,0.006029209057439682
442,0.0,0.0,0.0,0.0,0.0,0.0,0.0,0.007226361342637363,0.006297546262419953,0.0,0.0
443,0.0,0.006375334196514053,0.0,0.0,0.0,0.0,0.0,0.016462177236369963,0.006375334196514053,0.0,0.0
444,0.0,0.0,0.0,0.0,0.0,0.0,0.0,0.008972251033284657,0.005723570697880837,0.0,0.0
445,0.008696360311109146,0.008696360311109146,0.01360929070769452,0.01360929070769452,0.022433687587491907,0.014381611230081907,0.01360929070769452,0.040627470196992414,0.016482954919996854,0.008696360311109146,0.01360929070769452
446,0.0,0.0,0.0,0.0,0.006878843812053216,0.0,0.0,0.006878843812053216,0.0,0.0,0.0
447,0.006016055512083755,0.009966672833115463,0.009429174907279379,0.009966672833115463,0.009966672833115463,0.009966672833115463,0.009429174907279379,0.175727658153905,0.021931943553189257,0.009966672833115463,0.009429174907279379
448,0.026829078844411536,0.028330068888900457,0.028330068888900457,0.05688942252542473,0.03240246522911467,0.03240246522911467,0.0438443036992698,0.13226246565944924,0.14452271307754241,0.026829078844411536,0.017227175717642283
449,0.009545057785457061,0.006090249658729124,0.006090249658729124,0.018077705807598425,0.010089094184483605,0.006090249658729124,0.009545057785457061,0.0444526570165654,0.014229312917776554,0.009545057785457061,0.009545057785457061
450,0.026559795801324747,0.014879714158214813,0.01408102668952925,0.026559795801324747,0.014879714158214813,0.014879714158214813,0.023204106225663632,0.06449706172635863,0.023204106225663632,0.01408102668952925,0.00899935411736141
451,0.017579610457541483,0.01857300217492555,0.01124974798800233,0.028902967167760456,0.021273545143050753,0.017579610457541483,0.017579610457541483,0.07951183323867969,0.05738166399472771,0.01124974798800233,0.017579610457541483
452,0.0,0.0,0.0,0.0,0.0,0.0,0.0,0.0,0.0,0.0,0.0
453,0.006034538516269037,0.0,0.0,0.009997171163939752,0.0,0.006379775864916988,0.009997171163939752,0.03586904236810577,0.0141002051474253,0.0,0.006034538516269037
454,0.006232946842063487,0.0065894599260901895,0.0065894599260901895,0.010324512745234066,0.006232946842063487,0.0,0.010324512745234066,0.03246797810209216,0.02089128338727666,0.006232946842063487,0.0065894599260901895
455,0.0,0.0,0.0,0.009844699138062846,0.0,0.0,0.006741381070588184,0.027091305199845733,0.0,0.0,0.0
456,0.0,0.0,0.0,0.0,0.0,0.0,0.0,0.019421213969368262,0.0,0.0,0.0
457,0.01120260526803405,0.011839986976254048,0.01120260526803405,0.018495744999626303,0.02118529714082718,0.01120260526803405,0.01120260526803405,0.05185471896305873,0.03711187735825305,0.01120260526803405,0.01120260526803405
458,0.007389238088911086,0.007811369036914893,0.007811369036914893,0.007811369036914893,0.007811369036914893,0.007389238088911086,0.014022009484064802,0.03468883286603789,0.00961467560248595,0.007811369036914893,0.007389238088911086
459,0.0,0.0,0.007089267207089212,0.007089267207089212,0.009225201288020223,0.007089267207089212,0.007089267207089212,0.036795173820302396,0.0074943908622575345,0.007089267207089212,0.007089267207089212
460,0.01030826205170137,0.01089532002877603,0.01030826205170137,0.01030826205170137,0.017029192250309987,0.006579049091971028,0.01030826205170137,0.059996505805701636,0.01755448479565771,0.01030826205170137,0.01030826205170137
461,0.0,0.0,0.0,0.0,0.008582254453166318,0.0,0.0,0.024507685864149836,0.008582254453166318,0.0,0.0
462,0.0,0.0,0.0,0.0,0.0,0.0,0.0,0.0,0.0,0.0,0.0
463,0.005846161806160549,0.0,0.005846161806160549,0.005846161806160549,0.007610429861245166,0.005846161806160549,0.005846161806160549,0.03050315121175148,0.005846161806160549,0.005846161806160549,0.005846161806160549
464,0.020767553215279747,0.02511423351681404,0.021937067197957502,0.0389379704392245,0.034073105459757794,0.021937067197957502,0.0389379704392245,0.10494913126843813,0.021937067197957502,0.020767553215279747,0.013305359469794385
465,0.007026199938641143,0.007026199938641143,0.007026199938641143,0.007026199938641143,0.011632394949617023,0.007026199938641143,0.007026199938641143,0.018733523849250318,0.04155844907882431,0.007026199938641143,0.007026199938641143
466,0.0,0.0,0.008582254453166318,0.0,0.009844699138062846,0.0,0.0,0.10439388523332035,0.007735147085151561,0.0,0.0
467,0.0,0.007949586402746766,0.0,0.0,0.0,0.0,0.0,0.009119822066312911,0.0,0.0,0.0
468,0.0,0.0,0.0,0.0,0.0,0.0,0.0,0.009996536692263273,0.0,0.0,0.0
469,0.006920045637359143,0.006920045637359143,0.007315570196555509,0.007315570196555509,0.006920045637359143,0.007315570196555509,0.013137231797174962,0.023156614078862457,0.010329506115367641,0.0,0.007315570196555509
470,0.0,0.0,0.0,0.0,0.0,0.0,0.0,0.0,0.0,0.0,0.0
471,0.0,0.0,0.0,0.0,0.0,0.0,0.0,0.044604987019783285,0.0,0.0,0.0
472,0.039489315315866455,0.025475028700929984,0.025475028700929984,0.0625203136951029,0.04067875488178887,0.025475028700929984,0.039489315315866455,0.36389178166936653,0.05130821348273347,0.01547324178201697,0.02412154987055579
473,0.007899023680743805,0.007899023680743805,0.007899023680743805,0.017425714304214437,0.01236712555163767,0.007899023680743805,0.007899023680743805,0.035067431070157744,0.009061884141818171,0.0,0.007472191498304747
474,0.0,0.0,0.0,0.01019559498079796,0.007220446491768247,0.0,0.01019559498079796,0.022860254146457374,0.0,0.0,0.0
475,0.0,0.0,0.0,0.0,0.0,0.0,0.0,0.0,0.0,0.0,0.0
476,0.0,0.0,0.0,0.0,0.0,0.0,0.0,0.014028124532259038,0.0,0.0,0.0
477,0.0,0.0,0.0,0.0,0.0,0.0,0.0,0.013318080131572813,0.0,0.0,0.0
478,0.024192588970505035,0.024192588970505035,0.02290564420103995,0.04286488008774137,0.014686714447401881,0.024192588970505035,0.024192588970505035,0.10165964569876679,0.3442768170004027,0.014686714447401881,0.014686714447401881
479,0.005870596383741981,0.005870596383741981,0.0,0.00972662846013343,0.006206513130290913,0.006206513130290913,0.013720165258676184,0.11680873090588789,0.03570377433190403,0.005870596383741981,0.0
480,0.055180661202846364,0.03580528852788187,0.04090699603081202,0.07134703426190095,0.07134703426190095,0.021838611670942202,0.055180661202846364,0.16257310529580113,0.12034739339856584,0.03392207139952874,0.03580528852788187
481,0.010243591917145,0.0096913060648905,0.0096913060648905,0.0096913060648905,0.012601262084538909,0.0096913060648905,0.0096913060648905,0.04975409080102963,0.018352267911345286,0.0096913060648905,0.0096913060648905
482,0.0,0.0,0.0,0.0,0.0,0.0,0.0059463976332780645,0.006823778006348624,0.006823778006348624,0.0,0.0
483,0.007548173154280108,0.012492255309920562,0.012492255309920562,0.01950744253156459,0.012492255309920562,0.01182018007907239,0.01182018007907239,0.19465729535976856,0.03910129101124321,0.007548173154280108,0.007548173154280108
484,0.0,0.0,0.0,0.0,0.0,0.0,0.0,0.015841783455600503,0.0,0.0,0.0
485,0.0,0.0,0.0,0.0,0.0,0.0,0.0,0.016809555596734863,0.0,0.0,0.0
486,0.017950238027298344,0.011488484863799475,0.011488484863799475,0.029505153151814643,0.029505153151814643,0.017950238027298344,0.017950238027298344,0.10072561430862412,0.06648351881858532,0.017950238027298344,0.011488484863799475
487,0.0,0.0,0.0,0.0,0.0,0.0,0.0,0.01766981182934376,0.0,0.0,0.0
488,0.0,0.0,0.0,0.0,0.0,0.0,0.0,0.0,0.0,0.0,0.0
489,0.01696747980595876,0.01027065123932057,0.00655495459908581,0.01027065123932057,0.01027065123932057,0.01027065123932057,0.01027065123932057,0.023862310912857086,0.023862310912857086,0.01027065123932057,0.00655495459908581
490,0.021361049311360604,0.013688581714797894,0.012952989120658197,0.024456876494338236,0.024456876494338236,0.013688581714797894,0.012952989120658197,0.05957422014156528,0.024456876494338236,0.012952989120658197,0.012952989120658197
491,0.008907512674686431,0.0,0.0,0.0,0.010961075739373388,0.0,0.0,0.012569007403854233,0.008028560831551571,0.0,0.0
492,0.0,0.0,0.0,0.0,0.0,0.0,0.0,0.06612764524780554,0.0,0.0,0.0
493,0.010631726567915677,0.006419202648477786,0.006419202648477786,0.010058727008916232,0.010631726567915677,0.013077549646730628,0.010058727008916232,0.051561307477381746,0.010631726567915677,0.010058727008916232,0.010058727008916232
494,0.0,0.0,0.0,0.0,0.0,0.0,0.0,0.008515903305042254,0.0,0.0,0.0
495,0.0,0.0,0.0,0.0,0.0,0.0,0.0,0.0,0.0,0.0,0.0
496,0.0,0.0,0.0,0.0,0.0,0.0,0.0,0.005907856150624914,0.0,0.0,0.0
497,0.0,0.0,0.0,0.010283302972862183,0.0,0.008080532559849144,0.0,0.10858293081491634,0.036485938785848424,0.0,0.0
498,0.0,0.0,0.0,0.006873211438553982,0.00619374048484191,0.0,0.0,0.02177739103257376,0.0,0.0,0.0
499,0.0,0.0,0.0,0.0,0.0,0.0,0.0,0.010259502838657834,0.0,0.0,0.0
500,0.0,0.0,0.0,0.005903014092814168,0.0,0.0,0.0,0.01874307925285941,0.0,0.0,0.0
501,0.0,0.0,0.0,0.0,0.0,0.0,0.0,0.009151101536388671,0.013161862739764591,0.0,0.0
502,0.0060799832142640975,0.0,0.0,0.0060799832142640975,0.0,0.0,0.0,0.0,0.0,0.0,0.0
503,0.0,0.0,0.0,0.0,0.0,0.0,0.0,0.0059944259804610486,0.0,0.0,0.0
504,0.0,0.0,0.0,0.0,0.005687095900587233,0.0072421740673184595,0.0,0.020732923614508937,0.0,0.0,0.0
505,0.0,0.0,0.0,0.007542853765583557,0.0,0.0,0.0,0.023864223137188424,0.0,0.0,0.0
506,0.0,0.0,0.0,0.0,0.006225322132325627,0.0,0.0,0.006225322132325627,0.0,0.0,0.0
507,0.0,0.0,0.0,0.008582254453166318,0.008582254453166318,0.0,0.0,0.024507685864149836,0.008582254453166318,0.0,0.0
508,0.0,0.0,0.0,0.007126649167708454,0.0,0.0,0.0,0.02040662203586708,0.01006354071502308,0.0,0.0
509,0.0,0.0,0.0,0.006873211438553982,0.0,0.0,0.006873211438553982,0.02177739103257376,0.0,0.0,0.0
510,0.0,0.0,0.0,0.0,0.0,0.0,0.0,0.006878999665016935,0.0,0.0,0.0
511,0.0,0.0,0.0,0.0,0.0,0.0,0.0,0.005907856150624914,0.0,0.0,0.0
512,0.01688686372271385,0.010803694417301416,0.0065234823232978864,0.010221522361758035,0.010803694417301416,0.010803694417301416,0.010221522361758035,0.172650693750216,0.01523264815123717,0.0065234823232978864,0.0065234823232978864
513,0.016171771379757123,0.016171771379757123,0.015304808570013841,0.015304808570013841,0.03532067077913852,0.016171771379757123,0.015304808570013841,0.06979232707178655,0.03532067077913852,0.016171771379757123,0.00978587152618746
514,0.0,0.0,0.0,0.0,0.0,0.0,0.0,0.016941742365809507,0.006774036922918062,0.0,0.0
515,0.0,0.0,0.0,0.0,0.0,0.0,0.0,0.006225322132325627,0.0,0.0,0.0
516,0.015934858740481343,0.01683690139447971,0.010191076024904983,0.026227082603274048,0.026227082603274048,0.015934858740481343,0.01683690139447971,0.05221093130638535,0.020680383240224923,0.015934858740481343,0.015934858740481343
517,0.0,0.0,0.0,0.0,0.0,0.0,0.0,0.005907856150624914,0.0,0.0,0.0
518,0.016315294613767895,0.016315294613767895,0.016315294613767895,0.029088984252245376,0.025422090373501113,0.016315294613767895,0.01544075833299127,0.07037768690487838,0.02295129410844793,0.01544075833299127,0.01544075833299127
519,0.0,0.0,0.0,0.0,0.0,0.0,0.0,0.007226361342637363,0.0,0.0,0.0
520,0.019271380482755063,0.01234001652939964,0.011676034805632122,0.019271380482755063,0.01414733800683017,0.007455731283232917,0.011676034805632122,0.061312454594962776,0.03863746481095194,0.011676034805632122,0.007455731283232917
521,0.0,0.006029209057439682,0.006029209057439682,0.006029209057439682,0.006029209057439682,0.006029209057439682,0.006029209057439682,0.11960407560931342,0.014087853380890962,0.006029209057439682,0.006029209057439682
522,0.0,0.0,0.0,0.0,0.0,0.0,0.0,0.005907856150624914,0.0,0.0,0.0
523,0.05694880741893534,0.022563897862152613,0.022563897862152613,0.06486048711149235,0.04223821990667518,0.036976889960723326,0.03503429025147312,0.4231791357911925,0.05157605774140645,0.03503429025147312,0.036976889960723326
524,0.006283183723751349,0.0,0.005943142130514393,0.009846353068590647,0.011292627910453134,0.0,0.0,0.11808934536799075,0.006283183723751349,0.0,0.0
525,0.0,0.008563385386228568,0.008100946844732452,0.013402208443551729,0.01208514909202494,0.008563385386228568,0.008100946844732452,0.027032851475054038,0.015362678962441426,0.0,0.008100946844732452
526,0.012102739826206035,0.009306820347933205,0.015384966063899143,0.009306820347933205,0.01890337678379314,0.009306820347933205,0.009306820347933205,0.04785699306829693,0.009306820347933205,0.009306820347933205,0.009306820347933205
527,0.0,0.0,0.0,0.0,0.01191941424575667,0.0,0.0,0.09377372257832234,0.0,0.0,0.0
528,0.007727873116935344,0.008169190327236045,0.007727873116935344,0.012788142766666628,0.008169190327236045,0.007727873116935344,0.007727873116935344,0.13597453350322788,0.007727873116935344,0.007727873116935344,0.007727873116935344
529,0.01111331465616192,0.011745676446640967,0.01111331465616192,0.01111331465616192,0.021018130565812903,0.007094946240804402,0.007094946240804402,0.18506416790968078,0.011745676446640967,0.01111331465616192,0.01111331465616192
530,0.0,0.0,0.0,0.0,0.0,0.0,0.0,0.007426521097553729,0.007426521097553729,0.0,0.0
531,0.0,0.0,0.012174417853215935,0.0,0.006873367164789032,0.0,0.0,0.009706901673607767,0.0,0.0,0.0
532,0.0,0.0,0.0,0.0,0.0,0.0,0.0,0.0,0.0,0.0,0.0
533,0.005663589921449752,0.005663589921449752,0.005663589921449752,0.005663589921449752,0.005663589921449752,0.005663589921449752,0.005663589921449752,0.005663589921449752,0.005663589921449752,0.005663589921449752,0.005663589921449752
534,0.0,0.0,0.0,0.0,0.0,0.0,0.0,0.0,0.0,0.0,0.0
535,0.03223800329029752,0.03403102109249915,0.03403102109249915,0.052498557881456534,0.052498557881456534,0.03403102109249915,0.03223800329029752,0.09276135738660533,0.047524502114219255,0.03223800329029752,0.03403102109249915
536,0.0,0.0,0.0,0.0,0.0,0.0,0.0,0.0,0.0,0.0,0.0
537,0.0,0.005627515300310276,0.0,0.010119532908252966,0.007951561580787147,0.0,0.0,0.025181454794534996,0.007951561580787147,0.0,0.0
538,0.028413960861216253,0.02482998282433592,0.01593182663294134,0.028413960861216253,0.02482998282433592,0.018255481975045045,0.018255481975045045,0.06881244613480923,0.04950004915181907,0.01593182663294134,0.009639747651830656
539,0.0,0.0,0.0,0.0,0.0,0.0,0.0,0.03499707144660086,0.0,0.0,0.0
540,0.0,0.0,0.0,0.02875831873920169,0.006120897967167953,0.0,0.006120897967167953,0.07657654942494008,0.050086782123135255,0.0,0.0
541,0.016815234308087217,0.01776621364038559,0.01075758578043823,0.016815234308087217,0.023240841693682318,0.01776621364038559,0.016815234308087217,0.08638940866036064,0.06247495494594177,0.01075758578043823,0.016815234308087217
542,0.01386644898744492,0.01386644898744492,0.01386644898744492,0.022853726507827073,0.022853726507827073,0.022853726507827073,0.01386644898744492,0.07213498044984723,0.023554380824174128,0.01386644898744492,0.01386644898744492
543,0.0,0.0,0.0,0.0,0.005906632578070218,0.0,0.0,0.018754420073086555,0.007273441512007889,0.0,0.0
544,0.0,0.0,0.0,0.0,0.0,0.0,0.0,0.010495126195497334,0.0,0.0,0.0
545,0.006029209057439682,0.007848281438057873,0.006029209057439682,0.006029209057439682,0.014087853380890962,0.0,0.006029209057439682,0.03143381489814694,0.007848281438057873,0.006029209057439682,0.006029209057439682
546,0.0,0.005907748503069352,0.0,0.009259993968358308,0.009259993968358308,0.0,0.0,0.02640955368089477,0.013064468650744194,0.0,0.0
547,0.006090249658729124,0.006090249658729124,0.006090249658729124,0.009545057785457061,0.010089094184483605,0.006090249658729124,0.009545057785457061,0.04903320266033498,0.022198039880863978,0.006090249658729124,0.009545057785457061
548,0.0,0.0,0.0,0.0,0.006172018030692025,0.0,0.0,0.006172018030692025,0.0,0.0,0.0
549,0.008462335082077832,0.00894521724825215,0.0,0.01604277804178067,0.00894521724825215,0.0,0.0,0.04366871700317836,0.012622013319998638,0.00894521724825215,0.008462335082077832
550,0.0,0.0,0.0,0.0,0.0,0.0,0.0,0.0,0.0,0.0,0.0
551,0.0,0.0,0.0,0.0,0.0,0.0,0.0,0.0,0.0,0.0,0.0
552,0.01405968961214637,0.019796719267887716,0.01330442354683763,0.025112488077548095,0.01330442354683763,0.00850060121343581,0.01330442354683763,0.0763211433418928,0.03078594366166762,0.00850060121343581,0.00850060121343581
553,0.011815629691487922,0.01949999119372949,0.01949999119372949,0.01949999119372949,0.012487449464567183,0.011815629691487922,0.011815629691487922,0.05456952399813384,0.022332252754664092,0.007545254794153029,0.011815629691487922
554,0.0,0.0,0.0,0.0,0.009112651953156966,0.0,0.012857376673815986,0.028732441344040908,0.005813433342621209,0.0,0.0
555,0.0,0.0,0.0,0.0,0.0,0.0,0.0,0.006878843812053216,0.0,0.0,0.0
556,0.007339736731528562,0.006942914719746405,0.006942914719746405,0.0,0.007339736731528562,0.0,0.011495142166270898,0.03605783621592023,0.01036352505846874,0.0,0.0
557,0.006518056661702967,0.0,0.006518056661702967,0.01079474753055081,0.006518056661702967,0.0068907644247860915,0.01079474753055081,0.033912189011512085,0.0068907644247860915,0.006518056661702967,0.006518056661702967
558,0.010312920615472745,0.010312920615472745,0.01703683588610805,0.016124257348200863,0.026535513876992513,0.01703683588610805,0.016124257348200863,0.24877698330729725,0.023959163325602727,0.01703683588610805,0.016124257348200863
559,0.0,0.0,0.0,0.0,0.007486603800687798,0.0,0.0,0.008589275219320973,0.0,0.0,0.0
560,0.0,0.0,0.0,0.0,0.0,0.0,0.0,0.0,0.0,0.0,0.0
561,0.0061164621666822344,0.0,0.0,0.0,0.0,0.0,0.0,0.0061164621666822344,0.0,0.0,0.0
562,0.0,0.0,0.0,0.0,0.0,0.0,0.0,0.005907856150624914,0.0,0.0,0.0
563,0.0,0.0,0.0,0.0,0.0,0.0,0.0,0.0,0.0,0.0,0.0
564,0.0,0.0,0.0,0.0,0.0,0.0,0.0,0.0,0.0,0.0,0.0
565,0.006623931509818136,0.006623931509818136,0.007002650610278219,0.006623931509818136,0.007002650610278219,0.010969323003598958,0.006623931509818136,0.031184925070826024,0.015465114321555576,0.006623931509818136,0.006623931509818136
566,0.0,0.0,0.0,0.0,0.0,0.0,0.0,0.008515903305042254,0.0,0.0,0.0
567,0.006867915999555045,0.011371532490335599,0.0072604828025038546,0.006867915999555045,0.008937759227091153,0.006867915999555045,0.006867915999555045,0.01831636605578877,0.008937759227091153,0.006867915999555045,0.006867915999555045
568,0.0,0.0,0.0,0.0,0.0,0.0,0.0,0.013908944304542852,0.0,0.0,0.0
569,0.02119252595678469,0.013579748697782407,0.008208845120030284,0.02426453485333025,0.015565780002030242,0.015565780002030242,0.02119252595678469,0.059122435238036494,0.065111599467821,0.008208845120030284,0.008208845120030284
570,0.0,0.007273441512007889,0.0,0.008344981097953083,0.0,0.0,0.0,0.008344981097953083,0.0,0.0,0.0
571,0.0,0.0,0.0,0.0,0.005907856150624914,0.0,0.0,0.005907856150624914,0.0,0.0,0.0
572,0.0,0.0,0.0,0.0,0.007121489724248024,0.0,0.0,0.008170827686020538,0.0,0.0,0.0
573,0.011572842322706455,0.019102357979918685,0.011572842322706455,0.011572842322706455,0.019102357979918685,0.011572842322706455,0.021878154282425285,0.05349578861762581,0.017234920116733388,0.0073895588509839925,0.0073895588509839925
574,0.0,0.0,0.0,0.006873211438553982,0.00619374048484191,0.0,0.0,0.02177739103257376,0.0,0.0,0.0
575,0.0,0.0,0.0,0.0,0.0,0.0,0.0,0.014456872946893597,0.00641714182917643,0.0,0.0
576,0.007528096252823022,0.007528096252823022,0.0,0.007528096252823022,0.0,0.0,0.007528096252823022,0.0390005860581119,0.02515520122322575,0.0,0.007528096252823022
577,0.0,0.0,0.0,0.0,0.006002024463386071,0.0,0.0,0.024174404023909066,0.01078974049953303,0.0,0.0
578,0.0,0.0,0.0,0.0,0.007486603800687798,0.0,0.0,0.008589275219320973,0.0,0.0,0.0
579,0.0,0.0,0.0,0.0,0.008589275219320973,0.0,0.0,0.008589275219320973,0.007486603800687798,0.0,0.0
580,0.007422580682817112,0.0,0.0,0.0,0.0,0.0,0.0,0.008515903305042254,0.007422580682817112,0.0,0.0
581,0.010243823218374146,0.009691525017565912,0.010243823218374146,0.016016853665416927,0.006184034464274786,0.006184034464274786,0.009691525017565912,0.056576896050854246,0.016511443554015782,0.009691525017565912,0.010243823218374146
582,0.006573205919168916,0.006217566730403132,0.006217566730403132,0.006217566730403132,0.006573205919168916,0.0,0.006217566730403132,0.014524291227864148,0.008093005785339688,0.006217566730403132,0.006217566730403132
583,0.016124619272102934,0.02653610318833885,0.016124619272102934,0.016124619272102934,0.02653610318833885,0.010313153465838353,0.016124619272102934,0.09126373139144171,0.09126373139144171,0.016124619272102934,0.016124619272102934
584,0.0,0.0,0.0,0.0,0.0,0.0,0.0,0.013318080131572813,0.0,0.0,0.0
585,0.0,0.0,0.0,0.0,0.0,0.0,0.0,0.0,0.0,0.0,0.0
586,0.007588568452723229,0.0,0.0,0.012558774861805917,0.007588568452723229,0.0,0.012558774861805917,0.03930386064867552,0.017694350461861557,0.007588568452723229,0.008021994677824306
587,0.0,0.0,0.0,0.0,0.0,0.0,0.0,0.0,0.0,0.0,0.0
588,0.0,0.0,0.0,0.007688527592796274,0.0,0.0,0.007688527592796274,0.02431738535914257,0.006038188963439166,0.0,0.0
589,0.0,0.0,0.0,0.0,0.0,0.0,0.0,0.0,0.0,0.0,0.0
590,0.0,0.0,0.0,0.0,0.0,0.0,0.0,0.015488002526002251,0.006878843812053216,0.0,0.0
591,0.0,0.0,0.0,0.0,0.0,0.0,0.0,0.006172018030692025,0.007747989254470279,0.0,0.0
592,0.0,0.0,0.0,0.006873367164789032,0.0,0.0,0.0,0.08524753254310888,0.00619388091232832,0.0,0.0
593,0.0,0.0,0.0,0.0,0.0,0.0,0.0,0.006096695614920824,0.0,0.0,0.0
594,0.009336956734287456,0.0,0.007175335024162984,0.007175335024162984,0.01674009206799436,0.0075853395411734125,0.007175335024162984,0.03722836642028632,0.01070921850062419,0.007175335024162984,0.007175335024162984
595,0.0,0.0,0.0,0.008582254453166318,0.008582254453166318,0.0,0.0,0.10439388523332035,0.012111683421005253,0.0,0.0
596,0.0,0.0,0.0,0.0,0.0,0.0,0.0,0.005907856150624914,0.0,0.0,0.0
597,0.0,0.0,0.0,0.0,0.0,0.0,0.0,0.0,0.0,0.0,0.0
598,0.01019559498079796,0.0,0.0,0.0,0.007220446491768247,0.0,0.0,0.020671564596877464,0.006506873531525216,0.0,0.0
599,0.01729009083620747,0.01729009083620747,0.01729009083620747,0.026926100166016053,0.037069699364535406,0.026926100166016053,0.026926100166016053,0.1326887772900749,0.0973229621699716,0.028432359617638594,0.026926100166016053
600,0.0,0.0,0.0,0.0,0.005907856150624914,0.0,0.0,0.005907856150624914,0.0,0.0,0.0
601,0.0,0.0,0.0,0.0,0.0,0.0,0.0,0.0,0.0,0.0,0.0
602,0.0,0.0,0.0,0.005954341671468087,0.0,0.0,0.0,0.07463679120027296,0.005954341671468087,0.0,0.0
603,0.014921806183684756,0.014921806183684756,0.005757308227026406,0.009024964058842606,0.02100312692159732,0.005757308227026406,0.009024964058842606,0.04646240188696367,0.009024964058842606,0.009539642367981136,0.009024964058842606
604,0.0,0.0,0.0,0.0,0.0,0.0,0.0,0.014315212934829463,0.0,0.0,0.0
605,0.0,0.0,0.0,0.0,0.0,0.0,0.0,0.007820801904926736,0.007820801904926736,0.0,0.0
606,0.0,0.0,0.0,0.0,0.0,0.0,0.0,0.006878843812053216,0.0,0.0,0.0
607,0.007089267207089212,0.0,0.007089267207089212,0.007089267207089212,0.009225201288020223,0.0074943908622575345,0.007089267207089212,0.033317816507569945,0.016541206894127396,0.007089267207089212,0.007089267207089212
608,0.0,0.0,0.0,0.0,0.0,0.0,0.0,0.0,0.0,0.0,0.0
609,0.0,0.0,0.0,0.0,0.0,0.0,0.0,0.0,0.0,0.0,0.0
610,0.006979606523807852,0.006979606523807852,0.006979606523807852,0.011555611565546341,0.010418104402323849,0.0,0.007378510072382877,0.03281584722931769,0.010418104402323849,0.0,0.006979606523807852
611,0.0,0.0,0.0,0.0,0.0,0.0,0.0,0.008515903305042254,0.0,0.0,0.0
612,0.0,0.0,0.0,0.0,0.0,0.0,0.0,0.007315537633648965,0.0,0.0,0.0
613,0.01544075833299127,0.00987328914778895,0.00987328914778895,0.025422090373501113,0.025422090373501113,0.01544075833299127,0.01544075833299127,0.07978946728566397,0.08767712878376951,0.01544075833299127,0.01544075833299127
614,0.0,0.0,0.0,0.0,0.0,0.0,0.0,0.006375334196514053,0.0,0.0,0.0
615,0.0,0.0,0.0,0.0,0.008763346711086858,0.0,0.0,0.027652059705445785,0.006883899177344716,0.0,0.0
616,0.0,0.0,0.0,0.0,0.0,0.0,0.0,0.006434159392939323,0.0,0.0,0.0
617,0.0,0.0,0.0,0.0,0.0,0.0,0.0,0.0,0.0,0.0,0.0
618,0.006868071606641149,0.013985456386806441,0.006868071606641149,0.006868071606641149,0.016029858015026297,0.006868071606641149,0.006868071606641149,0.04065497353393754,0.011371788967938968,0.006868071606641149,0.006868071606641149
619,0.0,0.0,0.0,0.011863153200188978,0.0,0.0,0.0,0.02654365404154064,0.006602312297546013,0.0,0.0
620,0.0,0.0,0.0,0.0,0.0,0.0,0.0,0.006878843812053216,0.0,0.0,0.0
621,0.0,0.0,0.0,0.012807546911825651,0.006316514340741639,0.0,0.0,0.007248106587053547,0.006316514340741639,0.0,0.0
622,0.0,0.0,0.0,0.0,0.0,0.0,0.0,0.005907856150624914,0.0,0.0,0.0
623,0.0,0.0,0.0,0.0,0.0,0.0,0.0,0.006878843812053216,0.0,0.0,0.0
624,0.023190893456657143,0.03798882157411166,0.024493463095595375,0.04338764918436783,0.04338764918436783,0.024493463095595375,0.023190893456657143,0.3546156881654865,0.04338764918436783,0.023190893456657143,0.024493463095595375
625,0.006594697452749207,0.006594697452749207,0.006594697452749207,0.006594697452749207,0.006594697452749207,0.006594697452749207,0.0,0.015397465401567318,0.008582910067851826,0.006594697452749207,0.006594697452749207
626,0.0,0.0,0.0,0.0,0.0,0.0,0.0,0.007549201639882893,0.0,0.0,0.0
627,0.0,0.0,0.0,0.0,0.0,0.0,0.0,0.0,0.0,0.0,0.0
628,0.0,0.0,0.0,0.0,0.0,0.0,0.0,0.0,0.0,0.0,0.0
629,0.0,0.0059944259804610486,0.0,0.0,0.0,0.0,0.0,0.006878843812053216,0.0059944259804610486,0.0,0.0
630,0.0,0.0,0.0,0.0,0.0,0.0,0.0,0.0,0.0,0.0,0.0
631,0.0,0.0,0.0,0.0,0.0,0.0,0.0,0.007248106587053547,0.0,0.0,0.0
632,0.008462526506260504,0.008945419497035048,0.008462526506260504,0.008945419497035048,0.01970905431316656,0.008462526506260504,0.008462526506260504,0.028215405382514627,0.01970905431316656,0.008462526506260504,0.008462526506260504
633,0.0,0.0,0.0,0.011734314883159753,0.008313928263895308,0.0,0.0,0.026259616936143017,0.011734314883159753,0.0,0.0
634,0.0,0.0,0.0,0.0,0.0,0.0,0.0,0.06678666792058947,0.006511125516059165,0.0,0.0
635,0.0,0.0,0.0,0.0,0.0,0.0,0.0,0.0,0.0,0.0,0.0
636,0.0,0.006683687950923279,0.0,0.008508941997442442,0.012008586603450683,0.0,0.0,0.024301667731520243,0.0,0.0,0.0
637,0.0,0.0,0.0,0.0,0.0,0.0,0.0,0.005907856150624914,0.0,0.0,0.0
638,0.0,0.0,0.0,0.0,0.0,0.0,0.0,0.008711835014669581,0.008711835014669581,0.0,0.0
639,0.0,0.0,0.0,0.0,0.0,0.0,0.0,0.005860517326011203,0.0,0.0,0.0
640,0.019381920568268634,0.009544788350480215,0.014929811710938018,0.014929811710938018,0.030147970785466844,0.014929811710938018,0.014929811710938018,0.07500777853239093,0.024589102666875175,0.014929811710938018,0.014929811710938018
641,0.0,0.0,0.0,0.0,0.0,0.0,0.0,0.007315537633648965,0.007315537633648965,0.0,0.0
642,0.0,0.0,0.0,0.0,0.0072421740673184595,0.0,0.0,0.020732923614508937,0.0,0.0,0.0
643,0.0,0.0,0.0,0.008340911671800648,0.00570889536598292,0.0,0.0,0.02301431426656297,0.00726989079089077,0.0,0.0
644,0.0,0.0,0.0,0.0069903684089024695,0.0,0.0,0.00860578543728998,0.019334206096825284,0.0,0.0,0.0
645,0.006383420566170208,0.006383420566170208,0.006383420566170208,0.006383420566170208,0.006383420566170208,0.0,0.006383420566170208,0.1257863327676909,0.006383420566170208,0.006383420566170208,0.0
646,0.0,0.0,0.0,0.0,0.0,0.0,0.0,0.0,0.0,0.0,0.0
647,0.0,0.0,0.0,0.0,0.00925330445226085,0.0,0.0,0.023784580607615756,0.0,0.0,0.0
648,0.005846161806160549,0.0,0.005846161806160549,0.005846161806160549,0.005846161806160549,0.007610429861245166,0.009686300697062795,0.013663508273294152,0.007610429861245166,0.005846161806160549,0.005846161806160549
649,0.0,0.0,0.0,0.0,0.006048797021068234,0.0,0.0,0.024359319802657355,0.007702012544474604,0.0,0.0
650,0.0,0.0,0.0,0.0,0.0,0.0,0.0,0.0,0.005907856150624914,0.0,0.0
651,0.0,0.0,0.0,0.0,0.0,0.0,0.0,0.005907856150624914,0.0,0.0,0.0
652,0.0,0.0,0.0,0.0,0.0,0.0,0.0,0.0,0.0,0.0,0.0
653,0.0,0.0,0.0,0.0,0.0,0.0,0.0,0.0,0.0,0.0,0.0
654,0.0068932635795931774,0.0068932635795931774,0.0068932635795931774,0.0068932635795931774,0.0068932635795931774,0.0068932635795931774,0.0068932635795931774,0.018383184583841427,0.018383184583841427,0.0068932635795931774,0.0068932635795931774
655,0.02822206761878968,0.02822206761878968,0.017160753897343752,0.04367981703302531,0.04984552122557466,0.02672664232900786,0.02672664232900786,0.13181199698604207,0.04984552122557466,0.02672664232900786,0.02822206761878968
656,0.0,0.0,0.0,0.0,0.0,0.0,0.0,0.0,0.0,0.0,0.0
657,0.0,0.0,0.0,0.0,0.0075935501627005615,0.0,0.0,0.019569852875723052,0.008711835014669581,0.0,0.0
658,0.005663589921449752,0.005663589921449752,0.005663589921449752,0.005663589921449752,0.005663589921449752,0.005663589921449752,0.005663589921449752,0.005663589921449752,0.005663589921449752,0.005663589921449752,0.005663589921449752
659,0.0,0.0,0.0,0.0,0.0,0.0,0.0,0.01874307925285941,0.005903014092814168,0.0,0.0
660,0.0,0.005954341671468087,0.0,0.0,0.0,0.0,0.0,0.018903930007192246,0.008412218573385982,0.0,0.0
661,0.0,0.0,0.0,0.0,0.007422580682817112,0.0,0.0,0.007422580682817112,0.007422580682817112,0.0,0.0
662,0.0,0.0,0.0,0.0,0.0,0.0,0.0,0.006172157968735171,0.0,0.0,0.0
663,0.0,0.0,0.0,0.0,0.0,0.0,0.0,0.0,0.0,0.0,0.0
664,0.007073657222885463,0.01171059708695406,0.01171059708695406,0.011080102718697903,0.016505130478872292,0.007073657222885463,0.011080102718697903,0.051310746088301454,0.025715117933301154,0.011080102718697903,0.011080102718697903
665,0.0,0.0,0.0,0.0,0.0,0.0,0.0,0.01509748723952778,0.0,0.0,0.0
666,0.0,0.0,0.0,0.0,0.0,0.0,0.0,0.0,0.0,0.0,0.0
667,0.0,0.0,0.0,0.0,0.0,0.0,0.0,0.007549030718015455,0.007549030718015455,0.0,0.0
668,0.0,0.0,0.0,0.0,0.0,0.0,0.0,0.008515903305042254,0.008515903305042254,0.0,0.0
669,0.0,0.0,0.0,0.006878843812053216,0.0,0.0,0.0,0.006878843812053216,0.0,0.0,0.0
670,0.013402679961035655,0.013402679961035655,0.008563688141568576,0.013402679961035655,0.022096109439561994,0.013402679961035655,0.013402679961035655,0.25841768480120725,0.01994195381681319,0.013402679961035655,0.008563688141568576
671,0.0,0.0,0.008774217228707776,0.014509622151400068,0.009274729707107047,0.0,0.014509622151400068,0.04521896765248231,0.02042644227280381,0.0,0.008774217228707776
672,0.0,0.0,0.0,0.0,0.0,0.0,0.0,0.0,0.0,0.0,0.0
673,0.0,0.0,0.0,0.0,0.0,0.0,0.0,0.024204943852010618,0.0,0.0,0.0
674,0.0,0.0,0.0,0.0,0.0,0.0,0.0,0.008515903305042254,0.0,0.0,0.0
675,0.0,0.0,0.0,0.0,0.0,0.0,0.007037377818335402,0.015841783455600503,0.0,0.0,0.0
676,0.007465588487388613,0.0,0.007892046486786396,0.007465588487388613,0.007465588487388613,0.007465588487388613,0.007465588487388613,0.038686940448185034,0.01741046987491007,0.007465588487388613,0.007465588487388613
677,0.0,0.0,0.0,0.0,0.006818344899177893,0.0,0.0,0.021606137813348848,0.009629416502097764,0.0,0.0
678,0.0,0.0,0.0,0.0,0.0,0.0,0.0,0.024273452866579195,0.0,0.0,0.0
679,0.0,0.0,0.0,0.0,0.0,0.0,0.0,0.006878999665016935,0.005994561916250392,0.0,0.0
680,0.0,0.0,0.0,0.0,0.0,0.0,0.0,0.005907856150624914,0.0,0.0,0.0
681,0.007330866062758253,0.0,0.007330866062758253,0.007330866062758253,0.007330866062758253,0.007330866062758253,0.007330866062758253,0.03922856677136201,0.012134351549026494,0.007330866062758253,0.007330866062758253
682,0.00885371500068765,0.014640317372852246,0.014640317372852246,0.022833884260873745,0.020609318610515265,0.00885371500068765,0.013854299113567382,0.06991152941204692,0.020609318610515265,0.00885371500068765,0.013854299113567382
683,0.0,0.0,0.0,0.0,0.0,0.0,0.0,0.0,0.0,0.0,0.0
684,0.0,0.0,0.0,0.0,0.0,0.0,0.0,0.0,0.0,0.0,0.0
685,0.00939896065009852,0.00939896065009852,0.005996711831754971,0.015536338135682858,0.00939896065009852,0.009934753525012377,0.01908869523103996,0.014012532682134444,0.012222219071971019,0.00939896065009852,0.00939896065009852
686,0.006041195621904794,0.006386811377896714,0.007863855856450214,0.010008155700648003,0.007863855856450214,0.006041195621904794,0.006041195621904794,0.031494707577957755,0.006386811377896714,0.006041195621904794,0.006041195621904794
687,0.0,0.008252814093176075,0.008252814093176075,0.0,0.0426249853320302,0.008252814093176075,0.008252814093176075,0.019226042413231066,0.015648533119896228,0.008252814093176075,0.008252814093176075
688,0.0,0.0,0.0,0.007273606239835348,0.0,0.0,0.0,0.008345169889845593,0.0,0.0,0.0
689,0.0,0.0,0.0,0.0,0.0,0.0,0.0,0.007226361342637363,0.0,0.0,0.0
690,0.012615071444108403,0.0061907151024443614,0.009701957821386813,0.009701957821386813,0.010254844407603983,0.009701957821386813,0.009701957821386813,0.04980656113416429,0.009701957821386813,0.0061907151024443614,0.010254844407603983
691,0.0,0.0,0.0,0.0,0.0,0.0,0.008714792342310141,0.009996536692263273,0.0063793694923154716,0.0,0.0
692,0.0,0.0,0.0,0.0,0.005714674084559262,0.0,0.0,0.015841783455600503,0.007037377818335402,0.0,0.0
693,0.013043843345469597,0.013784523441945045,0.013043843345469597,0.013043843345469597,0.013784523441945045,0.013043843345469597,0.013043843345469597,0.06604141934434836,0.04302621371074663,0.013784523441945045,0.008333313956806799
694,0.0,0.0,0.0,0.0,0.006091699733387924,0.0,0.0,0.019334206096825284,0.007501010511268771,0.0,0.0
695,0.006623931509818136,0.007002650610278219,0.0,0.006623931509818136,0.015465114321555576,0.006623931509818136,0.007002650610278219,0.03444760661335439,0.009888951312576801,0.007002650610278219,0.006623931509818136
696,0.008698020794004552,0.008698020794004552,0.0,0.008698020794004552,0.014384341502908729,0.008698020794004552,0.008698020794004552,0.04626715553629236,0.018836836767458873,0.008698020794004552,0.008698020794004552
697,0.0,0.0,0.0,0.0,0.0,0.0,0.0,0.00641714182917643,0.0,0.0,0.0
698,0.0,0.008648959262617027,0.0,0.0,0.0,0.0,0.0,0.10512631349436365,0.010643554834481676,0.0,0.0
699,0.0,0.0,0.0,0.006166960809867202,0.006166960809867202,0.0,0.006166960809867202,0.019569852875723052,0.0,0.0,0.0
700,0.0,0.0,0.0,0.0,0.0,0.0,0.0,0.0,0.0,0.0,0.0
701,0.0,0.0,0.0,0.011147472309343574,0.0,0.0,0.0,0.011147472309343574,0.006202015671870689,0.0,0.0
702,0.0,0.0,0.0,0.0,0.005714674084559262,0.0,0.0,0.014315212934829463,0.0,0.0,0.0
703,0.0,0.0,0.0,0.0,0.0,0.0,0.0,0.007315537633648965,0.0,0.0,0.0
704,0.0,0.0,0.0,0.0,0.0,0.0,0.0,0.0,0.0,0.0,0.0
705,0.0,0.0,0.0,0.0,0.0,0.0,0.0,0.0,0.0,0.0,0.0
706,0.0,0.0,0.0,0.0,0.0,0.0,0.0,0.0,0.0,0.0,0.0
707,0.0,0.0,0.0,0.0,0.0,0.0,0.0,0.013318080131572813,0.0,0.0,0.0
708,0.0,0.0,0.0,0.005954341671468087,0.0,0.0,0.0,0.018903930007192246,0.005954341671468087,0.0,0.0
709,0.011736318813794708,0.0,0.007089267207089212,0.013456427245569356,0.0,0.0074943908622575345,0.016541206894127396,0.036795173820302396,0.011736318813794708,0.007089267207089212,0.0074943908622575345
710,0.0,0.0,0.0,0.0,0.0,0.0,0.0,0.0,0.0,0.0,0.0
711,0.044000074709412085,0.026926100166016053,0.044000074709412085,0.044000074709412085,0.05708877330233829,0.044000074709412085,0.050208612028638286,0.3903970091849602,0.14498193963392583,0.01729009083620747,0.028432359617638594
712,0.0,0.0,0.0,0.005994561916250392,0.0,0.0,0.0,0.006878999665016935,0.0,0.0,0.0
